,SMILES,Actual,Prediction (RF),Prediction (NN),Prediction (combo)
0,BrCSP(=O)(OCC)OCC,4.53,4.595319148936164,4.013026714324951,3.8433156143364515
1,BrCSP(=O)(OCCC)OCCC,5.85,4.651666666666656,5.123182773590088,5.712623677803357
2,Brc1ccc(OCCSP(=O)(C)OCC)cc1,4.82,5.596595744680838,4.337299823760986,4.687928838625331
3,CC(C(=O)/C=C(\C)/OP(=O)(OC)OC)c1ccccc1,4.54,6.047056737588634,4.1277995109558105,3.92514278009933
4,CC(C)(C)C(C)OP(=O)(C)Oc1ccc2c(c1)OC(O)C(=C2C)Cl,6.23,4.954219858156027,5.483092308044434,3.895239845431375
5,CC(C)(C)C(C)OP(=O)(C)Oc1ccc2c(c1)OC(O)C=C2C,7.0,4.515992907801405,5.949007511138916,5.708199403889747
6,CC(C)(C)C(C)OP(=O)(C)Oc1ccc2c(c1)OC(O)C=C2C(F)(F)F,5.94,6.2123404255319405,4.93108606338501,4.906405911152746
7,CC(C)(C)C(C)OP(=O)(C)Oc1ccc2c(c1)oc(=O)c(Cl)c2C,6.53,6.720957446808495,5.688441753387451,4.13354722127866
8,CC(C)(C)C(C)OP(=O)(C)Oc1ccc2c(c1)oc(=O)cc2C,7.14,6.800000000000023,6.179313659667969,5.378938981324639
9,CC(C)(C)C(C)OP(=O)(C)Oc1ccc2c(c1)oc(=O)cc2C(F)(F)F,6.46,6.417482269503562,5.656005382537843,5.618948407627142
10,CC(C)(C)CCCCOP(=O)(OCC)OCC,4.92,4.7429107565011845,4.281722545623778,6.702769312904701
11,CC(C)(C)CCCOP(=O)(OCC)OCC,4.46,4.4896808510638415,3.8005483150482178,3.7100872294982574
12,CC(C)(C)COP(=O)(C)F,8.23,3.3037234042553307,7.455064296722412,4.687155517544239
13,CC(C)(C)COP(=O)(C)SCCCC,3.77,4.412911741528771,3.9821703433990483,3.1992587685299796
14,CC(C)(C)CSP(=O)(OCC)OCC,4.0,7.871063829787247,3.5607752799987797,5.199382265674252
15,CC(C)(C)SP(=O)(OCC)OCC,3.32,3.788873916469655,2.876574993133545,3.9558754212129195
16,CC(C)CCCCCOP(=O)(C)SCCCC,3.93,4.011331757289203,3.8261814117431636,4.747883669100806
17,CC(C)CCCCOP(=O)(OCC)OCC,4.88,3.3943301812450786,4.221346855163573,4.089310694673407
18,CC(C)CCCOP(=O)(C)SCCCC,5.63,4.473606889564349,5.171446800231934,4.665063966909194
19,CC(C)CCCOP(=O)(OCC)OCC,4.34,4.041737588652475,3.650306701660156,5.26630401646581
20,CC(C)CCCP(=O)(OCC)Oc1ccc(cc1)[N+](=O)[O-],5.3,4.116480496453914,4.6377949714660645,5.774216924123948
21,CC(C)CCOP(=O)(C)SCCCC,4.79,4.491424434312732,4.378690242767334,2.6616742895872245
22,CC(C)CCOP(=O)(OCC1CCCN2CCCCC12)SCC1CCCN2CCCCC12,6.77,5.083785460992932,6.257039546966553,4.472800887907393
23,CC(C)CCOP(=O)(OCC1CCC[N+]2(C)CCCCC12)SCC1CCC[N+]2(C)CCCCC12,7.19,4.23915906788247,6.501940727233888,7.138921347868905
24,CC(C)CCP(=O)(CC)CN1CCCC2CCCCC12,7.81,5.383111111111094,6.845807552337647,4.675186743081812
25,CC(C)CCP(=O)(CC)C[N+]1(C)CCCC2CCCCC12,7.7,6.490921985815596,6.736785888671875,4.616781041095928
26,CC(C)CCSP(=O)(C)OC(C)C,2.86,6.927978723404277,2.6929354667663574,4.811369687059955
27,CC(C)CCSP(=O)(C)OCC,3.11,7.465319148936183,2.886401653289795,6.053826553021716
28,CC(C)COP(=O)(C)F,8.72,7.383758865248247,7.853222370147705,3.233389395574367
29,CC(C)COP(=O)(C)Oc1ccc2c(c1)OC(O)C(=C2C)Cl,7.86,5.592482269503568,6.814420700073242,6.781312553290443
30,CC(C)COP(=O)(C)Oc1ccc2c(c1)OC(O)C=C2C,7.79,3.3143026004728204,6.8659772872924805,4.147242809000243
31,CC(C)COP(=O)(C)Oc1ccc2c(c1)oc(=O)c(Cl)c2C,8.1,4.035255319148927,7.248815059661865,4.351655121792422
32,CC(C)COP(=O)(C)Oc1ccc2c(c1)oc(=O)cc2C,8.01,8.526170212765956,7.21831750869751,5.510013899304085
33,CC(C)COP(=O)(C)SCCCC,4.15,7.65152482269501,3.7767827510833736,5.2997212544940915
34,CC(C)COP(=O)(C)SCCN(CC)CC,8.66,7.461028368794307,8.140700340270996,6.338353432248773
35,CC(C)COP(=O)(O/N=C(/Cl)\C)OCC(C)C,3.44,7.125709219858122,3.1012282371521,3.1657428153550624
36,CC(C)COP(=O)(O/N=C(/Cl)\CCl)OCC(C)C,5.9,7.805638297872312,5.412992477416992,3.508181117552645
37,CC(C)COP(=O)(O/N=C(\Cl)/C)OCC(C)C,3.44,7.6826241134751765,3.173048734664917,3.8606466614123165
38,CC(C)COP(=O)(O/N=C(\Cl)/CCl)OCC(C)C,5.9,7.213333333333303,5.396015644073486,5.366307467453732
39,CC(C)COP(=O)(OCC(C)C)Oc1ccc(cc1)[N+](=O)[O-],5.88,3.9788652482269455,5.20628833770752,4.624093429135835
40,CC(C)COP(=O)(OCC(C)C)SC(SP(=O)(OCC(C)C)OCC(C)C)C(=O)OCC,4.84,3.573475177304984,4.908341407775879,5.0339273477531545
41,CC(C)COP(=O)(OCC1CCCN2CCCCC12)SCC1CCCN2CCCCC12,6.44,3.598120567375907,5.992393493652344,3.916051117920055
42,CC(C)COP(=O)(OCC1CCC[N+]2(C)CCCCC12)SCC1CCC[N+]2(C)CCCCC12,6.83,5.631702127659586,6.382266521453857,7.101061727344954
43,CC(C)CP(=O)(CC)CN1CCCC2CCCCC12,7.38,5.505496453900733,6.425084114074707,5.695916417826315
44,CC(C)CP(=O)(CC)C[N+]1(C)CCCC2CCCCC12,7.43,4.857198581560278,6.477790832519531,3.7353762689515695
45,CC(C)CP(=O)(OC(C)C)Oc1ccc(cc1)[N+](=O)[O-],4.32,6.223333333333358,3.8938467502594,3.6312953127804932
46,CC(C)CP(=O)(OCC)Oc1ccc(cc1)[N+](=O)[O-],5.59,6.627517730496446,5.011644840240479,3.6528006551217764
47,CC(C)CSP(=O)(OCC)OCC,3.9,7.289326241134784,3.3502678871154785,3.4419102219000166
48,CC(C)CSP(=O)(SCC(C)C)O/N=C(/Cl)\F,6.1,7.35475177304966,5.383110523223877,4.815152586231825
49,CC(C)CSP(=O)(SCC(C)C)O/N=C(\Cl)/F,6.1,4.5242198581560364,5.369465351104736,4.523391854615291
50,CC(C)NP(=O)(O/N=C(\C#N)/c1ccccc1)OCC,5.2,5.382851063829775,4.683084487915039,4.931941296667434
51,CC(C)OP(=O)(C)Oc1ccc2c(c1)OC(O)C(=C2C)Cl,6.04,3.834999999999994,5.362107753753662,6.334017472268849
52,CC(C)OP(=O)(C)Oc1ccc2c(c1)oc(=O)c(Cl)c2C,6.12,5.952624113475156,5.487722396850586,4.275434214556924
53,CC(C)OP(=O)(C)Oc1ccc2c(c1)oc(=O)cc2C(F)(F)F,6.24,5.969929078014162,5.426340579986572,5.328153032376228
54,CC(C)OP(=O)(C)SCCSCC,4.33,3.388936170212774,3.8985865116119385,4.230065744032328
55,CC(C)OP(=O)(OC(C)C)O/N=C(/Cl)\CCl,3.85,5.119304964539023,3.3064534664154053,5.392073693892038
56,CC(C)OP(=O)(OC(C)C)Oc1cc2ccccc2[n+](C)c1,6.26,7.2282269503546415,5.535060405731201,4.771318649066483
57,CC(C)OP(=O)(OC(C)C)Oc1ccc(cc1)[N+](=O)[O-],4.32,6.11269503546101,3.897991180419922,5.822931337297131
58,CC(C)OP(=O)(OC(C)C)Oc1ccc2c(c1)OC(O)C(=C2C)Cl,5.7,6.340212765957418,4.788554191589356,4.748459513608425
59,CC(C)OP(=O)(OC(C)C)SC,1.77,6.217163120567359,1.5726202726364136,5.044620091530092
60,CC(C)OP(=O)(OC(C)C)SC(Br)C(=O)OCC,5.07,6.238936170212772,4.421575546264648,5.198114515158318
61,CC(C)OP(=O)(OCC1CCCN2CCCCC12)SCC1CCCN2CCCCC12,4.08,4.418794326241129,3.777599334716797,3.2422561459227426
62,CC(C)P(=O)(CC)C1CC2CC1C1=CC=CC(=O)[N+]21C,4.81,4.37555217831813,4.562193870544434,3.9890284699927006
63,CC(C)P(=O)(CC)CN1CCCC2CCCCC12,5.32,4.4345390070922,4.754817008972168,5.915524085844419
64,CC(C)P(=O)(CC)C[N+]1(C)CCCC2CCCCC12,5.18,5.6384397163120745,4.559428691864014,4.3222992808026754
65,CC(C)P(=O)(CC)[N+]1(C)CCCCC1c1ccccc1,5.7,2.3855516154452268,5.019310474395752,4.491194155023725
66,CC(C)P(=O)(OC(C)C)Oc1ccc(cc1)[N+](=O)[O-],2.93,5.257943262411341,3.5413248538970947,5.0082597390436705
67,CC(CC)NP(=O)(O/N=C(\C#N)/c1ccccc1)OCC,4.3,4.674574468085108,3.7351131439208975,4.1312148931112915
68,CC(CC)OP(=O)(OC(C)CC)Oc1ccc(cc1)[N+](=O)[O-],4.68,4.7718085106382855,3.8991470336914062,3.4037427202846935
69,CC(CC)P(=O)(OC(C)C)Oc1ccc(cc1)[N+](=O)[O-],3.11,5.986099290780162,2.888054609298706,6.216544756703172
70,CC(SP(=O)(OCC)OCC)C(=O)NC,3.27,3.3359338061465627,2.89509654045105,3.1362529197546367
71,CC(SP(=O)(OCC)OCC)C(=O)OCC,3.99,4.806134751773038,3.288612604141236,4.916777303299297
72,CCC(=O)C(C)NP1(=O)Oc2ccccc2O1,3.37,5.3415721040189155,2.8709607124328613,4.502012432538468
73,CCC(=O)C(CC(=O)N)NP1(=O)Oc2ccccc2O1,3.56,4.687517730496453,2.9749646186828613,4.72881470676889
74,CCC(=O)C(CC(=O)OCC)NP1(=O)Oc2ccccc2O1,3.36,3.606702127659583,2.888637065887451,5.0804156343290945
75,CCC(=O)C(CC(C)C)NP1(=O)Oc2ccccc2O1,3.5,7.648226950354638,3.1141974925994877,3.4654628218227197
76,CCC(=O)C(CCC(=O)OCC)NP1(=O)Oc2ccccc2O1,2.89,3.275094562647749,3.236232280731201,7.102249647851452
77,CCC(=O)C(CCCC)NP1(=O)Oc2ccccc2O1,3.42,3.877730496453904,2.970688819885254,4.220365088409746
78,CCC(=O)C(CCSC)NP1(=O)Oc2ccccc2O1,3.34,0.8469858156028337,2.8862204551696777,5.783742132628925
79,CCC(=O)C(Cc1ccccc1)NP1(=O)Oc2ccccc2O1,3.53,3.6582801418439703,3.278796672821045,4.8866254294749565
80,CCC(=O)C(NP1(=O)Oc2ccccc2O1)C(C)C,3.54,3.967836879432605,3.5154478549957275,4.920313092457269
81,CCC(=O)CNP1(=O)Oc2ccccc2O1,3.45,3.7980851063829815,2.9869861602783203,5.1053428196751645
82,CCC(C)(C)SP(=O)(OCC)OCC,4.59,3.9018085106382965,3.9792542457580566,4.938090354026789
83,CCC(CC)CCCCCOP(=O)(OCC)OCC,5.15,3.5998226950354533,4.418874740600586,6.7673209550864115
84,CCC(CC)SP(=O)(OCC)OCC,4.08,3.767127659574458,3.421669006347656,4.324624915812671
85,CCC(CCCCOP(=O)(OCC)OCC)CC,4.91,3.951843971631209,4.282489776611328,6.028153914786293
86,CCC(CCCOP(=O)(OCC)OCC)CC,4.91,4.458936170212764,4.273931980133057,3.495004332864642
87,CCC(CCOP(=O)(OCC)OCC)CC,4.86,3.7578959810874615,4.1434292793273935,2.722919137049261
88,CCCC(COP(=O)(OCC)OCC)(CC)CC,5.23,4.151706067769899,4.586556434631348,2.7474922424582537
89,CCCCCCCC[S+](C)CCSP(=O)(Cc1ccccc1)OCC,7.2,5.0775886524822855,6.501724243164063,5.0486309710060615
90,CCCCCCC[S+](C)CCSP(=O)(Cc1ccccc1)OCC,7.11,4.034468085106389,6.521526336669923,4.681707778035404
91,CCCCCCOP(=O)(C)SCCCC,3.62,4.902056737588665,3.2788605690002437,3.8232133641541166
92,CCCCCCOP(=O)(C)SCCCCCC,3.88,4.8112056737588675,3.507009744644165,3.3565753952891058
93,CCCCCCOP(=O)(OCC)OCC,4.52,4.715992907801407,3.859190464019776,5.550885444128454
94,CCCCCCOP(=O)(OCCCCCC)SC(Br)C(=O)OCC,6.0,4.306032308904648,5.094529628753662,6.5317717224237
95,CCCCCCOP(=O)(OCCCCCC)SC(C)CC,3.72,7.278936170212793,3.39797306060791,4.8449673610195045
96,CCCCCC[S+](C)CCSP(=O)(Cc1ccccc1)OCC,6.97,7.169503546099308,6.51012659072876,4.673847002982745
97,CCCCCC[S+](C)CCSP(=O)(OCC)c1ccccc1,8.14,7.094999999999987,7.650740623474121,2.274001543679186
98,CCCCCOP(=O)(C)SCCCC,3.83,2.8310638297872286,3.6100449562072754,4.693996333361305
99,CCCCCOP(=O)(OCC)OCC,3.91,3.832851654846336,3.135178565979004,4.309672955574186
100,CCCCCOP(=O)(OCCCCC)SCBr,6.18,5.992234042553191,5.318558692932129,3.3952493502658356
101,CCCCCSP(=O)(O/N=C(/Cl)\F)SCCCCC,6.09,3.8753900709219997,5.293447494506836,6.447250973545508
102,CCCCC[S+](C)CCSP(=O)(Cc1ccccc1)OCC,7.11,6.979184397163134,6.833247184753418,5.449902273854427
103,CCCCOP(=O)(C)SCCCC,4.15,3.7788297872340553,3.7215883731842037,4.209432903721302
104,CCCCOP(=O)(C)SCCCCCC,4.76,3.8147360126083525,4.2304301261901855,4.955394370813264
105,CCCCOP(=O)(C)SCCN(CC)CC,8.49,6.435496453900697,7.924943447113037,6.837725558239622
106,CCCCOP(=O)(C)SCCSCC,5.62,5.918049645390076,5.103574752807617,7.286644626362996
107,CCCCOP(=O)(OCCCC)SC(Br)C(=O)OCC,6.6,6.047269503546084,5.580530166625977,3.0327328238031854
108,CCCCOP(=O)(OCCCC)SC(SP(=O)(OCCCC)OCCCC)C(=O)OCC,4.84,6.058014184397148,4.162984848022462,4.084206761289451
109,CCCCOP(=O)(OCCCC)SCC(=O)NC,4.44,7.104680851063796,3.864070177078247,6.6721679537196685
110,CCCCOP(=O)(OCCCC)SCCCC,4.06,3.9425177304964487,3.7283430099487305,6.512398206389863
111,CCCCOP(=O)(OCCCC)SCCCCC,4.32,4.3853930260047225,3.951725721359253,2.9178255927714454
112,CCCCOP(=O)(OCCCC)SCCCCCC,4.35,7.810310283687936,3.9799573421478267,6.32237630824851
113,CCCCSP(=O)(C)OCC,3.08,5.080231340763239,2.8429965972900386,3.296525728861215
114,CCCCSP(=O)(O/N=C(\Cl)/F)SCCCC,6.23,6.363262411347496,5.327308177947998,5.29374273931856
115,CCCCSP(=O)(OCC)OCC,3.85,4.851134751773044,3.497420310974121,3.3133799291963584
116,CCCNP(=O)(O/N=C(\C#N)/c1ccccc1)OCC,5.7,4.116709219858151,4.986772537231445,5.10340969352791
117,CCCOP(=O)(C)O/N=C(\Cl)/C,3.49,3.977501970055149,4.038062572479248,4.917581228582378
118,CCCOP(=O)(C)SCCCC,3.75,4.2983434650456,3.5064024925231934,3.4790908866724863
119,CCCOP(=O)(C)SCCCCCC,4.49,4.302456940222895,3.376261949539185,4.32613469818856
120,CCCOP(=O)(F)OCCC,5.96,3.462299054373519,5.210817813873291,6.754069277254182
121,CCCOP(=O)(O/N=C(/Cl)\C(Cl)Cl)OCCC,5.85,3.2194680851063926,5.060112476348877,4.185290317438383
122,CCCOP(=O)(O/N=C(/Cl)\CCl)OCCC,5.25,6.179751773049652,4.606441020965576,4.7519761391759925
123,CCCOP(=O)(O/N=C(/F)\Cl)OCCC,5.18,6.173581560283696,4.4528398513793945,4.714482865704191
124,CCCOP(=O)(O/N=C(\Cl)/C(Cl)Cl)OCCC,5.85,3.8524320330969335,4.965216636657715,3.1256457776823137
125,CCCOP(=O)(O/N=C(\Cl)/C)OCCC,3.36,5.5387943262411525,2.972832679748535,6.2450339438589015
126,CCCOP(=O)(O/N=C(\Cl)/CCl)OCCC,5.25,3.9103900709219883,4.6288604736328125,5.045429989128637
127,CCCOP(=O)(O/N=C(\F)/Cl)OCCC,5.18,3.709423758865248,4.403309345245361,3.4659849266654557
128,CCCOP(=O)(OCCC)SC(Br)C(=O)OCC,6.24,4.247335500394013,5.291773796081543,4.008020277153803
129,CCCOP(=O)(OCCC)SC(SP(=O)(OCCC)OCCC)C(=O)OCC,4.65,5.3936879432624245,3.851462841033936,7.953074732346687
130,CCCSP(=O)(OCC)OCC,4.0,5.7680141843971455,3.577996253967285,6.233388405989409
131,CCCSP(=O)(SCCC)O/N=C(/Cl)\F,6.07,3.4239893617021386,5.216175079345703,6.224053983236752
132,CCCSP(=O)(SCCC)O/N=C(\Cl)/F,6.07,5.298971631205671,5.230722427368164,4.9263827322369504
133,CCNP(=O)(O/N=C(\C#N)/c1ccc(C)cc1)OCC,5.23,5.164645390070925,4.668940544128418,4.1971936891693735
134,CCNP(=O)(O/N=C(\C#N)/c1ccccc1)OCC,5.98,5.7825531914893435,5.5752153396606445,2.9831579715961904
135,CCOP(=O)(C)S/C=C/C=C/SCC,6.75,3.4277482269503663,5.6997947692871085,3.1517607147265427
136,CCOP(=O)(C)SCCC(C)(C)CCC,3.2,5.178049645390074,3.0034496784210205,3.9093722449750334
137,CCOP(=O)(C)SCCCC(C)(C)C,3.34,6.015496453900701,3.0499136447906494,5.066874609867329
138,CCOP(=O)(C)SCCCC(C)C,2.92,4.636631205673759,2.7670998573303223,2.65261563493133
139,CCOP(=O)(C)SCCCCC,3.41,3.691650906225376,3.068828582763672,4.651054397565596
140,CCOP(=O)(C)SCCCCC(C)(C)C,3.86,6.020815602836867,3.457259178161621,7.09476353492631
141,CCOP(=O)(C)SCCCCC(C)C,3.95,6.038297872340414,3.5979108810424805,4.5090411065565785
142,CCOP(=O)(C)SCCCCCC(C)(C)C,4.03,5.2539766970618125,3.6799025535583496,3.806558208292588
143,CCOP(=O)(C)SCCCCCCC,4.32,4.087163120567377,3.937534332275391,5.296437984485408
144,CCOP(=O)(C)SCCCCCCC(C)(C)C,4.28,4.623829787234045,3.883908033370972,4.9339683690697385
145,CCOP(=O)(C)SCCCCCCC(C)C,4.34,3.6145035460993022,3.955979108810425,4.796157381995213
146,CCOP(=O)(C)SCCCCCCCCC,4.49,3.5193262411347592,4.1636505126953125,5.23740566429653
147,CCOP(=O)(C)SCCCCCCCCCC,4.2,3.3598345153664213,3.8277201652526855,2.997789871365578
148,CCOP(=O)(C)SCCN(C(C)C)C(C)C,8.08,3.933921394799056,7.9506778717041025,5.741847148766554
149,CCOP(=O)(C)SCCNCCC,7.69,4.02496276595746,6.820549011230469,5.163584733650523
150,CCOP(=O)(C)SCCSCC,5.08,4.2096926713948015,4.597177982330322,5.830012454435931
151,CCOP(=O)(C)SCCSCCCC,4.95,4.203147163120554,4.420432567596436,4.898342277399188
152,CCOP(=O)(C)SCCSCCCCCCCCCC,5.3,4.353156028368794,4.821473121643066,7.453003702546988
153,CCOP(=O)(C/C=C/CCC)SCCSCCC,2.45,4.43667848699762,2.216749906539917,3.7520984014585927
154,CCOP(=O)(C/C=C/CCC)SCCSCCCC,2.6,4.29574468085106,2.3924782276153564,4.160776849415089
155,CCOP(=O)(C/C=C/CCC)SCCSCCCCC,2.46,4.217082066869314,2.231812000274658,4.812725184520073
156,CCOP(=O)(C/C=C/CCC)SCCSCCCCCCC,2.92,7.405106382978706,2.69853949546814,5.4365640543004305
157,CCOP(=O)(CC)SCCN(CC)CC,7.61,6.980070921985838,7.02342700958252,4.580079191151533
158,CCOP(=O)(OC=C(Cl)Cl)OCC,5.4,5.0477136102667925,4.489933967590332,3.754031964031592
159,CCOP(=O)(OCC)O/N=C(/Cl)\C,3.64,2.632553191489356,3.1148927211761475,3.181759506312754
160,CCOP(=O)(OCC)O/N=C(/Cl)\C(C)C,2.78,2.7507446808510667,2.452151298522949,4.477662244808483
161,CCOP(=O)(OCC)O/N=C(/Cl)\C(Cl)Cl,5.1,2.767021276595749,4.369147300720215,4.829698201051122
162,CCOP(=O)(OCC)O/N=C(/Cl)\CC,3.47,3.102735562310037,3.0075376033782963,5.276226244856155
163,CCOP(=O)(OCC)O/N=C(/Cl)\CCl,4.83,3.1208561296859094,4.146483421325684,4.145640160278592
164,CCOP(=O)(OCC)O/N=C(/F)\Cl,5.27,3.2394680851063864,4.666369915008545,6.016618538930343
165,CCOP(=O)(OCC)O/N=C(\Cl)/C(C)C,2.78,3.423085106382965,2.4659066200256348,3.5466826718317614
166,CCOP(=O)(OCC)O/N=C(\Cl)/C(Cl)Cl,5.1,7.047836879432597,4.3605003356933585,3.4732529329329607
167,CCOP(=O)(OCC)O/N=C(\Cl)/CCC,3.63,5.0265602836879335,3.164080142974853,6.540660152597924
168,CCOP(=O)(OCC)O/N=C(\Cl)/CCCC,3.78,5.14067375886526,3.2512195110321045,4.810349605171434
169,CCOP(=O)(OCC)O/N=C(\Cl)/CCl,4.83,3.6784929078014095,4.213263034820557,6.3159263316792025
170,CCOP(=O)(OCC)OC(C(=O)OCC)C(F)(F)F,3.08,2.9213120567375737,2.550879001617432,5.352036988409821
171,CCOP(=O)(OCC)OC(C)(C)C,3.11,5.117588652482259,2.5740885734558105,4.004337693625312
172,CCOP(=O)(OCC)OC(C)C(C)(C)C,3.4,3.4821276595744832,2.931320905685425,4.039486738005879
173,CCOP(=O)(OCC)OC(CC)CC,2.18,3.630301418439712,1.946882486343384,4.6775456045632495
174,CCOP(=O)(OCC)OCC(C)(C)C,3.23,3.772694275582556,2.8509845733642583,4.800586267156085
175,CCOP(=O)(OCC)OCC(C)C,3.2,5.208475177304951,2.787062406539917,5.824843653283945
176,CCOP(=O)(OCC)OCCC,3.18,3.703173758865242,2.700556755065918,4.704357739115219
177,CCOP(=O)(OCC)SC(Br)C(=O)OCC,6.52,2.9518439716311913,5.545113563537598,4.439418918874974
178,CCOP(=O)(OCC)SC(C(=O)OCC)C(=O)OCC,5.62,5.1252127659574365,4.975335597991943,3.6608349679634946
179,CCOP(=O)(OCC)SC(COC(=O)CC)COC(=O)CC,2.3,3.4836524822695183,1.9594458341598509,5.279714639796093
180,CCOP(=O)(OCC)SC(SP(=O)(OCC)OCC)C(=O)OCC,3.36,3.677499999999997,2.852126121520996,4.416709414269711
181,CCOP(=O)(OCC)SCC(=O)OCC,4.13,3.776311296859153,3.6018218994140625,5.079986067261641
182,CCOP(=O)(OCC)SCCC(=O)OCC,1.65,5.192482269503533,1.4741568565368652,5.502123301707099
183,CCOP(=O)(OCC)SCCC(CC)CC,5.36,3.1840070921985917,4.670693874359131,4.049671486212971
184,CCOP(=O)(OCC)SCCCC(C)(C)C,5.04,3.0466028368794467,4.35614013671875,2.5499952393152943
185,CCOP(=O)(OCC)SCCCC(C)C,4.45,3.2913120567375964,3.8845398426055913,4.017449687547217
186,CCOP(=O)(OCC)SCCCC(CC)CC,5.56,2.8317730496453817,5.079926013946533,6.873168269928797
187,CCOP(=O)(OCC)SCCCCC,4.46,3.2762253743104903,4.059300422668457,4.452091924342307
188,CCOP(=O)(OCC)SCCCCC(C)C,5.15,5.948723404255304,4.7068400382995605,3.535773104331017
189,CCOP(=O)(OCC)SCCCCC(CC)CC,5.63,5.020673758865233,5.1451334953308105,6.198017579059625
190,CCOP(=O)(OCC)SCCCCCC,5.0,3.9230141843971635,4.457356929779053,2.6502432055500336
191,CCOP(=O)(OCC)SCCCCCC(CC)CC,5.63,4.0300709219858195,5.131540298461914,4.478500611434848
192,CCOP(=O)(OCC)SCCCCCCC,4.91,3.636950354609927,4.456495761871338,4.597260162922747
193,CCOP(=O)(OCC)SCCCCCCCC,4.98,4.738835697399526,4.498941898345947,4.267952835399464
194,CCOP(=O)(OCC)SCCCCCCCCC,5.0,4.793439716312046,4.519299983978272,4.735756044930388
195,CCOP(=O)(OCC)SCCCCCCCCCC,4.04,5.329934988179649,3.7651958465576167,5.107152969765304
196,CCOP(=O)(OCC)SCCN(CC)CC,6.15,4.2926704097714845,5.60980749130249,2.857542927719668
197,CCOP(=O)(OCC)SCC[N+](CC)(CC)CC,6.84,5.409757683215151,6.011211395263673,3.4907334063751505
198,CCOP(=O)(OCCC(C)C)OCC,4.11,5.4025591016548695,3.4647669792175293,3.2763869430106873
199,CCOP(=O)(OCCCC)OCC,2.32,4.7355545705279845,2.1563794612884517,4.763111292026519
200,CCOP(=O)(OP(=S)(OCC)CC)CC,6.2,4.826831166272667,5.721125602722168,4.990428215068933
201,CCP(=O)(CC)C1CC2CC1C1=CC=CC(=O)[N+]21C,5.04,4.2841796690307214,4.985253810882568,5.977564275572016
202,CCP(=O)(CC)CN1CCCC2CCCCC12,7.11,5.843404255319142,5.776876449584961,5.566450908785784
203,CCP(=O)(CCC)C1CC2CC1c1cccc(=O)n21,5.08,3.974283687943265,4.558699131011963,4.565837937058283
204,CCP(=O)(CCC)CN1CCCC2CCCCC12,7.36,2.771164302600481,6.499049186706543,3.252156535184447
205,CCP(=O)(CCC)C[N+]1(C)CCCC2CCCCC12,7.0,5.275803782505927,6.264663696289063,5.300042036791499
206,CCP(=O)(CCC)[N+]1(C)CCCCC1c1ccccc1,6.56,5.338546099290767,5.91849422454834,5.29924403115665
207,CCP(=O)(CCCC)C1CC2CC1C1=CC=CC(=O)[N+]21C,6.04,6.792304964539009,5.5078840255737305,3.4250697298922383
208,CCP(=O)(CCCC)CN1CCCC2CCCCC12,7.65,5.596914893617023,6.6339988708496085,5.747237082805963
209,CCP(=O)(CCCC)C[N+]1(C)CCCC2CCCCC12,7.52,7.192127659574447,6.612562656402588,4.496690914070157
210,CCP(=O)(CCCCC)CN1CCCC2CCCCC12,7.43,7.012092198581558,6.3878417015075675,2.926127889138958
211,CCP(=O)(CCCCC)C[N+]1(C)CCCC2CCCCC12,7.34,6.513652482269484,6.373562812805176,4.602023588765768
212,CCP(=O)(CCCCC)[N+]1(C)CCCCC1c1ccccc1,7.18,5.980567375886508,6.427927017211914,6.601929774141931
213,CCP(=O)(F)OCC,6.49,5.819148936170198,5.7576231956481925,4.450386998329405
214,CCP(=O)(SC(c1ccccc1)c1ccccc1)CC,3.16,7.236170212765959,2.897468090057373,5.701395396447053
215,CCSP(=O)(O/N=C(/Cl)\F)SCC,5.91,7.231489361702121,5.161159038543701,4.922157652006586
216,CCSP(=O)(OCC)OCC,1.66,7.041063829787254,1.4751811027526855,6.145971226569575
217,CCSP(=O)(OCC)OCC,3.79,6.241914893617,2.646601915359497,6.339958828911666
218,CC[S+](C)CCSP(=O)(OCC)c1ccccc1,7.88,6.366879432624082,7.4529852867126465,3.9341437755170885
219,CN(C)CCSP(=O)(C)OCC,6.22,7.325000000000013,5.7479681968688965,4.375536246800873
220,CN(C)P(=O)(O/N=C(\C#N)/c1ccccc1)OCC,4.08,7.239326241134733,3.735844135284424,5.590766811477278
221,CN(C)P(=O)(OCC)Oc1ccc2c(c1)oc(=O)cc2C,4.86,7.104574468085128,4.3908047676086435,4.367086974517767
222,CN(C)c1cccc(OP(=O)(C)OC(C)C)c1,3.61,6.247163120567385,3.231587648391724,4.766749249462482
223,CN(C)c1cccc(OP(=O)(C)OC)c1,3.04,3.5668085106382934,2.750462293624878,3.7807586227032717
224,CN(C)c1cccc(OP(=O)(OC)OC)c1,3.34,5.553794326241144,2.999397754669189,6.887175017490156
225,CN(C)c1cccc(OP(=O)(OCC)CC)c1,2.11,3.204787234042545,1.9603313207626345,5.191476956923674
226,CN(C)c1cccc(OP(=O)(OCC)OCC)c1,3.56,2.3352836879432632,3.1116251945495605,4.731295459782574
227,CN(CCSP(=O)(OC(C)C)OC(C)C)c1ccc(Cl)cc1,4.63,2.6521276595744614,4.1427292823791495,5.662631884461902
228,CN(CCSP(=O)(OC(C)C)OC(C)C)c1ccccc1,2.95,6.9242553191489336,2.6183056831359863,3.9085566033803993
229,CN(CCSP(=O)(OCC)OCC)C1CCCCC1,5.66,5.543682877406262,5.2303428649902335,3.267865481765733
230,CN(CCSP(=O)(OCC)OCC)CCCCCC,4.01,6.298368794326255,3.5926332473754883,2.3666854153093433
231,CN(CCSP(=O)(OCC)OCC)c1cc(Cl)ccc1,3.3,4.345496453900712,2.9455511569976807,4.3974940826787225
232,CN(CCSP(=O)(OCCC)OCCC)C1CCCCC1,6.38,5.113475177304963,5.932599067687987,3.898211549837746
233,CN(CCSP(=O)(OCCC)OCCC)c1cc(Cl)ccc1,5.49,5.1380141843971465,5.007115364074707,5.969566139592553
234,CN(CCSP(=O)(OCCC)OCCC)c1ccc(Cl)cc1,5.67,4.208167848699759,5.252768516540527,3.8329594888665968
235,CN(CCSP(=O)(OCCC)OCCC)c1ccccc1,5.23,4.263829787234038,5.007003784179688,5.247473296694205
236,CN(CCSP(=O)(OCCCC)OCCCC)C1CCCCC1,6.54,3.587375886524831,6.031676769256593,3.1751859039983263
237,CN(CCSP(=O)(OCCCC)OCCCC)c1cc(Cl)ccc1,5.73,4.360153664302596,5.262266159057617,4.798442403659525
238,CN(CCSP(=O)(OCCCC)OCCCC)c1ccc(Cl)cc1,6.08,3.7830851063829685,5.436018943786621,3.5223558854172
239,CN(CCSP(=O)(OCCCC)OCCCC)c1ccccc1,5.83,4.557588652482276,5.572896957397461,5.036243111256304
240,CNP(=O)(O/N=C(\C#N)/c1ccccc1)OCC,6.65,4.551347517730509,6.276654243469237,4.883797868488962
241,CNP(=O)(OC)OC,1.38,5.62079871664979,1.3199328184127808,5.956173556582165
242,COP(=O)(C)SCCCCCC,2.79,4.748865248226946,2.5522305965423584,5.511208557302703
243,COP(=O)(OC)O/N=C(/Cl)\C,4.04,3.662092198581549,3.523107051849365,4.58187910550132
244,COP(=O)(OC)O/N=C(/Cl)\C(Cl)Cl,5.72,4.0027925531914965,4.984909057617188,5.166905969557407
245,COP(=O)(OC)O/N=C(/Cl)\CCl,4.96,4.0109840425532015,4.347612380981444,3.7901874416265873
246,COP(=O)(OC)O/N=C(/F)\Cl,4.76,6.100000000000023,4.17471981048584,3.8034748207623474
247,COP(=O)(OC)O/N=C(\Cl)/C,4.04,5.3423758865248265,3.5389578342437744,5.250876181888272
248,COP(=O)(OC)O/N=C(\Cl)/C(Cl)Cl,5.72,5.169237588652491,4.9882001876831055,4.760653093508445
249,COP(=O)(OC)O/N=C(\Cl)/CCl,4.96,6.20659574468084,4.3347811698913565,5.490274555770086
250,COP(=O)(OC)O/N=C(\F)/Cl,4.76,5.561188787571776,4.156712532043457,5.754620152861783
251,COP(=O)(OC)OC(C(=O)OCC)C(F)(F)F,2.62,5.8900000000000166,2.4126362800598145,6.635401915170297
252,COP(=O)(OC)OC(C(F)(F)F)C(F)(F)F,2.34,2.505106382978721,2.007728576660156,4.11210853154445
253,COP(=O)(OC)OC=C(Cl)Cl,4.77,3.024219858156023,3.9035673141479488,5.7513455568493095
254,COP(=O)(OC)OC=C(Cl)Cl,4.44,4.102395587076425,3.900100946426392,4.2460233094492565
255,COP(=O)(OC)SCC(=O)NC,2.65,5.558581560283705,2.4334490299224854,4.548568857781775
256,COP(=O)(OC)SCCC(=O)OCC,1.18,4.960283687943281,0.9479105472564696,4.310100136793875
257,COS(=O)c1ccc(cc1)OP(=O)(OCC)OCC,5.18,4.117962962962951,4.3410983085632315,4.844724162088293
258,COc1ccc(cc1)/C(=N/OP(=O)(NCC)OCC)/C#N,4.92,5.5670921985815776,4.285517692565918,4.603707335954649
259,COc1ccc(cc1)N(C)CCSP(=O)(OCC)OCC,4.7,4.974184397163138,4.224836826324463,4.511941588493545
260,COc1ccc(cc1)N(C)CCSP(=O)(OCCC)OCCC,4.95,4.679574468085102,4.5064697265625,6.10318356781584
261,COc1ccc(cc1)N(C)CCSP(=O)(OCCCC)OCCCC,5.43,2.9427304964539025,4.997796058654785,5.466076770071664
262,COc1ccc(cc1)[N+](C)(C)CCSP(=O)(OC(C)C)OC(C)C,6.08,2.86443262411348,5.312192916870117,5.042007055398504
263,COc1ccc(cc1)[N+](C)(C)CCSP(=O)(OCC)OCC,7.46,4.487056737588672,6.644991874694824,4.851668764766574
264,COc1ccc(cc1)[N+](C)(C)CCSP(=O)(OCCCC)OCCCC,7.41,4.641418439716312,6.986151695251465,4.958434945836227
265,COc1cccc(c1)N(C)CCSP(=O)(OC(C)C)OC(C)C,3.53,2.2341489361702127,3.115034580230713,4.0377448270181455
266,COc1cccc(c1)N(C)CCSP(=O)(OCCC)OCCC,5.18,5.039255319148939,4.567506790161133,6.543595780616454
267,COc1cccc(c1)N(C)CCSP(=O)(OCCCC)OCCCC,5.51,5.198652482269508,5.0448198318481445,6.084344663072775
268,COc1cccc(c1)[N+](C)(C)CCSP(=O)(OC(C)C)OC(C)C,6.46,3.8384397163120516,5.551199913024902,4.462767828165165
269,COc1cccc(c1)[N+](C)(C)CCSP(=O)(OCC)OCC,7.63,4.65092198581562,6.8100104331970215,4.003190427750503
270,COc1cccc(c1)[N+](C)(C)CCSP(=O)(OCCC)OCCC,7.34,4.9955496453900885,6.617526054382324,4.521610102381241
271,COc1cccc(c1)[N+](C)(C)CCSP(=O)(OCCCC)OCCCC,7.62,6.300212765957442,6.813682556152344,2.6704280889125642
272,CP(=O)(C)SC(c1ccccc1)c1ccccc1,5.69,7.239361702127682,5.3891258239746085,4.094341703715931
273,CP(=O)(CC(C)(C)C)SCCN(C)C,5.53,7.160460992907818,5.132100582122803,3.8820951546043907
274,CP(=O)(CC(C)(C)C)SCC[N+](C)(C)C,6.48,7.315531914893643,6.087953567504883,4.521727159009445
275,CP(=O)(CC)SCCN(C)C,5.23,4.495780141843979,4.749564170837402,4.122704194224209
276,CP(=O)(CC)SCC[N+](C)(C)C,5.38,5.164574468085115,4.796209812164307,4.350270788219893
277,CP(=O)(CC)SCC[S+](C)CC,4.69,5.513174603174597,6.232682228088379,3.914267074506534
278,CP(=O)(CCC)SCC[N+](C)(C)C,6.12,6.454893617021291,5.702975749969482,3.7592296443298894
279,CP(=O)(CCCC)SCCN(C)C,5.15,7.354255319148973,4.5729756355285645,5.352545767646873
280,CP(=O)(CCCC)SCC[N+](C)(C)C,6.54,7.2363829787234115,5.98251485824585,5.014536531282879
281,CP(=O)(CCCCC)SCCN(C)C,5.04,7.257482269503554,4.40850830078125,4.3935990325604655
282,CP(=O)(CCCCC)SCC[N+](C)(C)C,6.09,5.691524822695026,5.3932838439941415,6.478662754968575
283,CP(=O)(F)OC,8.82,6.420744680851072,7.989087104797362,7.281187088178852
284,CP(=O)(F)OC(C)CC(C)C,8.3,5.775921985815628,6.431077480316162,4.70301782224153
285,CP(=O)(F)OCC,7.75,6.7200354609929205,6.974203109741211,6.191198368434613
286,CP(=O)(F)OCC(C)CC,8.69,5.354361702127671,7.76922607421875,4.227008097912547
287,CP(=O)(F)OCCC,8.4,5.70677304964541,7.5186357498168945,4.603556951831228
288,CP(=O)(F)OCCC(C)C,8.74,5.280000000000023,7.746190547943115,4.932997796282084
289,CP(=O)(F)OCCCC,8.67,6.161914893616999,7.640636920928955,3.003321056848894
290,CP(=O)(OC(C)C)SCC,2.75,5.291241134751783,2.403745174407959,4.311628675022895
291,CP(=O)(OC)SC,2.41,6.373617021276579,2.274672031402588,4.649754804911414
292,CP(=O)(OC1CCCCC1)Oc1ccc2c(c1)OC(O)C(=C2C)Cl,7.73,5.353829787234028,6.822746276855469,4.163099942390781
293,CP(=O)(OC1CCCCC1)Oc1ccc2c(c1)oc(=O)c(Cl)c2C,8.03,6.183829787234026,7.174466133117676,3.6420276072223614
294,CP(=O)(OC1CCCCC1)Oc1ccc2c(c1)oc(=O)cc2C(F)(F)F,7.58,6.635957446808519,6.691876411437987,7.2866594950358206
295,CP(=O)(OCC)Oc1cc2c(cc1)ccc[n+]2C,9.15,8.024645390070926,8.459667205810549,4.409806762630818
296,CP(=O)(OCC)Oc1ccc2c(c1)OC(O)C=C2C,6.68,7.439539007092204,5.752917766571045,4.825004097106202
297,CP(=O)(OCC)Oc1ccc2c(c1)OC(O)C=C2C(F)(F)F,6.83,8.461063829787264,5.830108165740968,3.819410458725873
298,CP(=O)(OCC)Oc1ccc2c(c1)oc(=O)c(Cl)c2C,7.12,8.154929078014215,6.1645050048828125,4.121974737726362
299,CP(=O)(OCC)Oc1ccc2c(c1)oc(=O)cc2C(F)(F)F,6.9,8.250354609929099,6.011418342590332,4.756552590075658
300,CP(=O)(OCC)SC,3.08,8.359929078014208,2.4968063831329346,5.070784346378752
301,CP(=O)(OCC)SC(C)C,2.16,2.8340780141843966,1.9050440788269043,3.6194416649623924
302,CP(=O)(OCC)SCC,2.34,2.8391489361702114,2.2211570739746094,4.688445283295068
303,CP(=O)(OCC)SCCCCc1ccccc1,4.53,7.375851063829795,4.135831356048584,3.537186242748578
304,CP(=O)(OCC)SCCCc1ccccc1,4.26,7.700177304964532,3.953710794448853,3.380345900870754
305,CP(=O)(OCC)SCCOc1cc(C)ccc1,4.3,7.095602836879432,3.846650123596192,4.270388561644754
306,CP(=O)(OCC)SCCOc1ccc(C)cc1,4.23,7.246524822695018,3.7727632522583012,4.854077419708769
307,CP(=O)(OCC)SCCOc1ccc(O)cc1,5.74,6.7328014184397285,5.138233661651611,3.9918422486965035
308,CP(=O)(OCC)SCCOc1ccc(cc1)OC,4.46,6.8903546099290445,4.072175025939941,4.161816518609901
309,CP(=O)(OCC)SCCOc1cccc(O)c1,5.01,3.081631205673767,4.503694534301758,5.862351353510612
310,CP(=O)(OCC)SCCOc1cccc(c1)OC,4.61,2.499290780141844,3.880561828613281,4.4528750777803054
311,CP(=O)(OCC)SCCOc1ccccc1,4.4,4.591914893617006,4.003385543823241,3.5342600048769492
312,CP(=O)(OCC)SCCSCc1ccccc1,7.4,4.413333333333326,6.620281219482423,3.3539493113010233
313,CP(=O)(OCC)SCCSc1ccccc1,5.57,4.425638297872327,4.928445339202881,6.695781955539996
314,CP(=O)(OCCC)SC,3.75,5.460515028706523,3.419020652770996,5.031946028196943
315,CP(=O)(OCCCC)SCCSCc1ccccc1,7.4,4.657056737588662,6.6312808990478525,5.116074541270782
316,CP(=O)(OCCCC)SCCSc1ccccc1,7.23,4.812624113475193,6.344243049621582,5.80012342496865
317,CP(=O)(OCCCCCCC)SC,2.65,5.224361702127658,2.451879501342773,3.7002638503306926
318,CP(=O)(OCCCCCCC)SCCCC,3.65,3.4461702127659595,3.2148995399475098,4.740765227828783
319,CP(=O)(OCCCCCCC)SCCCCCC,3.75,6.324219858156036,3.3340048789978027,6.2284853709390475
320,CP(=O)(OCCCCCCCC)SC,2.62,2.8601418439716233,2.4858558177948,4.788702058142402
321,CP(=O)(OCCCCCCCC)SCCCC,3.61,3.794858156028377,3.1869804859161377,2.446977317250388
322,CP(=O)(OCCCCCCCCC)SC,2.78,3.740685579196221,2.4553916454315186,5.1897892198112325
323,CP(=O)(OCCCCCCCCC)SCCCC,3.79,2.974515366430261,3.3392584323883057,1.7797906513516084
324,CP(=O)(OCCCCCCCCCC)SC,2.46,3.707765957446817,2.32265305519104,7.639325452304876
325,CP(=O)(OCCCCCCCCCC)SCCCC,3.46,3.751099290780148,3.117034435272217,5.98727425047623
326,CP(=O)(SC(c1ccccc1)c1ccccc1)OCC,5.69,3.6093262411347538,5.131552219390869,4.762727644707401
327,CP(=O)(SCCC)OC1CCCC1,4.03,3.648043735224595,3.651926517486572,4.869139205587745
328,CP(=O)(SCCN(C)C)C(C)(C)C(C)C,4.6,4.981524822695056,4.0159873962402335,4.551353677814815
329,CP(=O)(SCCN(C)C)C(C)C,6.03,5.096063829787228,5.786201477050781,5.265795591433486
330,CP(=O)(SCC[N+](C)(C)C)C(C)(C)C(C)C,5.36,5.754964539007082,4.642300605773926,5.278077888855754
331,CP(=O)(SCCc1ccccc1)OCC,4.08,6.256276595744679,3.658605575561523,5.682741655067847
332,CSCCSP(=O)(C)OC(C)C,4.18,4.176808510638298,3.811225175857544,4.361755548194744
333,CSCCSP(=O)(C)OCC,4.6,4.0913120567375785,4.148577690124512,6.33331586237513
334,CSP(=O)(C)OC1CCCC1,3.41,3.9196099290780113,3.09155535697937,5.086745623087029
335,CSP(=O)(C)OCCCCC,2.82,3.1266312056737537,2.765437364578247,3.725149664316912
336,CSP(=O)(OC)SC(CC(=O)OCC)C(=O)OCC,5.1,4.986524822695028,4.411864757537842,4.5400962284847886
337,CSP(=O)(c1ccccc1)c1ccccc1,2.34,3.934417426545082,2.186678647994995,6.599630988016033
338,C[N+](C)(C)CCSP(=O)(C)OC(C)C,7.33,2.568971631205676,6.713642597198486,6.088302674155861
339,C[N+](C)(CCSP(=O)(OC(C)C)OC(C)C)C1CCCCC1,7.11,3.4970212765957345,6.442384719848633,5.180513522393188
340,C[N+](C)(CCSP(=O)(OC(C)C)OC(C)C)c1ccccc1,5.97,6.8748581560283535,5.280877590179443,4.318667197119194
341,C[N+](C)(CCSP(=O)(OCC)OCC)c1cc(Cl)ccc1,7.59,6.575744680851036,6.795036792755128,5.970164446292067
342,C[N+](C)(CCSP(=O)(OCC)OCC)c1ccc(Cl)cc1,7.35,6.025035460992926,6.600219249725343,6.708751851010286
343,C[N+](C)(CCSP(=O)(OCCC)OCCC)C1CCCCC1,5.0,7.391631205673741,5.396936893463135,4.892884945798732
344,C[N+](C)(CCSP(=O)(OCCC)OCCC)c1ccccc1,7.45,7.305425531914878,6.8810362815856925,4.340096115515671
345,C[N+](C)(CCSP(=O)(OCCCC)OCCCC)C1CCCCC1,5.11,7.205177304964561,4.677243709564209,5.667673749171497
346,C[N+](C)(CCSP(=O)(OCCCC)OCCCC)c1ccccc1,7.8,5.445921985815601,7.424793243408202,6.799231489462853
347,C[N+]12CCCC(COP(=O)(OC(C)C)SCC3CCC[N+]4(C)CCCCC34)C1CCCC2,4.6,5.534539007092182,4.261158466339111,5.179649527963959
348,C[N+]12CCCC(COP(=O)(OCCC)SCC3CCC[N+]4(C)CCCCC34)C1CCCC2,6.22,5.833191489361701,5.792560577392577,4.379109438568029
349,C[N+]12CCCC(COP(=O)(OCCCCC)SCC3CCC[N+]4(C)CCCCC34)C1CCCC2,7.27,5.308120567375872,6.5585575103759775,4.819716943382432
350,C[NH+](C)CCSP(=O)(C)OC(C)C,7.01,6.217375886524835,6.4773268699646,4.148739627622516
351,C[S+](C)CCSP(=O)(C)OC(C)C,7.58,6.689822695035459,7.030373573303223,4.956828429355111
352,C[S+](C)CCSP(=O)(C)OCC,7.74,6.892588652482263,7.297304630279541,4.2231345561104225
353,C[S+](CCSP(=O)(C)OCC)CC,7.57,6.809432624113468,7.194810390472412,3.9276665443058656
354,C[S+](CCSP(=O)(C)OCC)CCCCCC,9.04,7.181773049645371,8.310995101928711,4.217782350940915
355,C[S+](CCSP(=O)(C)OCC)CCCCCCCC,8.66,7.862517730496438,8.057412147521973,5.712291847120792
356,C[S+](CCSP(=O)(OCC)C/C=C/CCC)CC,5.0,8.518581560283664,4.665728092193604,3.8825361728757
357,C[S+](CCSP(=O)(OCC)C/C=C/CCC)CCC,4.85,8.024219858156032,4.54299259185791,5.306164837885113
358,C[S+](CCSP(=O)(OCC)C/C=C/CCC)CCCC,5.04,5.510780141843966,4.586496353149414,4.463446937187736
359,C[S+](CCSP(=O)(OCC)C/C=C/CCC)CCCCC,5.52,5.304503546099276,5.0985426902771,3.211559477446116
360,C[S+](CCSP(=O)(OCC)C/C=C/CCC)CCCCCC,5.97,5.3560992907801275,5.372771263122559,5.53696480585225
361,C[S+](CCSP(=O)(OCC)C/C=C/CCC)CCCCCCC,5.0,5.7482624113475085,4.570245742797852,5.352849802758739
362,C[S+](CCSP(=O)(OCC)C/C=C/CCC)CCCCCCCC,4.08,5.9981914893617105,3.779839992523194,2.932574668979644
363,C[S+](CCSP(=O)(OCC)C/C=C/CCC)CCCCCCCCC,5.45,6.0249645390070965,4.771922111511231,3.9222841221065083
364,Cc1cc(ccc1)N(C)CCSP(=O)(OC(C)C)OC(C)C,3.57,6.140992907801424,3.036879539489746,5.1315290898461825
365,Cc1cc(ccc1)N(C)CCSP(=O)(OCC)OCC,3.98,3.8446808510638384,3.576701164245605,4.404442296670688
366,Cc1cc(ccc1)N(C)CCSP(=O)(OCCCC)OCCCC,5.67,4.054281914893624,5.538650989532472,3.991387728327526
367,Cc1cc(ccc1)[N+](C)(C)CCSP(=O)(OC(C)C)OC(C)C,6.48,5.480940560621408,5.585112571716309,2.838293083761887
368,Cc1cc(ccc1)[N+](C)(C)CCSP(=O)(OCC)OCC,7.5,6.3684751773049815,6.734184741973878,4.717572364741544
369,Cc1cc(ccc1)[N+](C)(C)CCSP(=O)(OCCC)OCCC,7.41,7.12900709219859,6.667819023132324,3.9109824804320716
370,Cc1ccc(cc1)N(C)CCSP(=O)(OCC)OCC,4.27,7.4930141843971505,3.8825840950012207,4.245485620940225
371,Cc1ccc(cc1)N(C)CCSP(=O)(OCCCC)OCCCC,6.11,4.284033687943256,5.575001239776611,5.791053119832693
372,Cc1ccc(cc1)[N+](C)(C)CCSP(=O)(OC(C)C)OC(C)C,6.2,5.2494680851064,5.574481964111328,4.446649866119102
373,Cc1ccc(cc1)[N+](C)(C)CCSP(=O)(OCC)OCC,7.38,5.845295508274213,6.686453819274902,4.7575464960630125
374,Cc1ccc(cc1)[N+](C)(C)CCSP(=O)(OCCC)OCCC,7.56,6.287659574468111,6.919464588165282,4.628830656321972
375,Cl/C(=N/OP(=O)(OCCCC)OCCCC)/C,3.47,7.281382978723439,2.983149290084839,6.6757483289849535
376,Cl/C(=N/OP(=O)(OCCCC)OCCCC)/C(Cl)Cl,6.39,7.384007092198557,5.38072395324707,6.0127636329983645
377,Cl/C(=N/OP(=O)(OCCCC)OCCCC)/CC,3.66,3.5808687943262574,3.004447221755981,5.635269886487514
378,Cl/C(=N/OP(=O)(OCCCC)OCCCC)/CCCC,3.94,6.363723404255348,3.319697141647339,3.449977044051489
379,Cl/C(=N/OP(=O)(OCCCC)OCCCC)/CCl,6.06,3.8199999999999954,5.233861923217773,4.654806016813184
380,Cl/C(=N/OP(=O)(OCCCCC)OCCCCC)/C,4.09,3.9486524822695,3.446662187576294,4.340122366255557
381,Cl/C(=N/OP(=O)(OCCCCC)OCCCCC)/C(Cl)Cl,6.48,6.006418439716282,5.495396614074707,5.525817361081933
382,Cl/C(=N/OP(=O)(OCCCCCC)OCCCCCC)/C,5.0,4.1991312056737575,4.2291603088378915,6.876295542074445
383,Cl/C(=N\OP(=O)(C)OCCCC)/C,3.93,6.409042553191504,3.8413877487182617,5.500125149488375
384,Cl/C(=N\OP(=O)(C)OCCCC)/C(C)C,3.61,4.938865248226952,3.20192289352417,5.284547666889511
385,Cl/C(=N\OP(=O)(C)OCCCC)/CC,3.66,4.005693459416858,3.2713985443115234,3.648094934928273
386,Cl/C(=N\OP(=O)(C)OCCCC)/CCl,6.54,3.8860401891253002,5.834218978881836,4.666436542749017
387,Cl/C(=N\OP(=O)(C)OCCCCC)/C,4.46,3.760268490374868,3.9025824069976807,4.208533630627696
388,Cl/C(=N\OP(=O)(C)OCCCCCC)/C,5.0,4.137050827423186,4.387256145477295,6.234943360960552
389,Cl/C(=N\OP(=O)(OCCCC)OCCCC)/C,3.47,5.965815602836865,2.894777536392212,5.977452309829342
390,Cl/C(=N\OP(=O)(OCCCC)OCCCC)/C(Cl)Cl,6.39,3.5602304964539155,5.452068328857422,4.391268216776755
391,Cl/C(=N\OP(=O)(OCCCC)OCCCC)/CCl,6.06,6.358936170212793,5.14829683303833,4.807238576536372
392,Cl/C(=N\OP(=O)(OCCCCC)OCCCCC)/C,4.09,5.996985815602807,3.4584319591522217,3.465179114605104
393,Cl/C(=N\OP(=O)(OCCCCC)OCCCCC)/C(Cl)Cl,6.48,6.425070921985828,5.432450294494629,4.250012000561005
394,Cl/C(=N\OP(=O)(OCCCCC)OCCCCC)/CCl,5.91,5.74439716312058,5.013932228088379,2.938977160482148
395,ClCCP(=O)(CCCl)Oc1ccc2c(c1)oc(=O)c(Cl)c2C,5.4,5.7673404255319225,4.931807518005371,5.090913484142823
396,Clc1cc(OP(=O)(N)OC)c(Cl)cc1Cl,7.04,4.935567375886525,6.382254600524902,5.406961826789303
397,Clc1cc(OP(=O)(NC(C)(C)C)OC)c(Cl)cc1Cl,3.4,6.182375886524803,2.9503574371337886,3.494946360863749
398,Clc1cc(OP(=O)(NC(C)C)OC)c(Cl)cc1Cl,4.8,4.193368794326235,4.099757194519043,4.108793702288489
399,Clc1cc(OP(=O)(NCC)OC(C)C)c(Cl)cc1Cl,6.37,5.110460992907787,5.545739650726318,3.532591760918997
400,Clc1cc(OP(=O)(NCC)OC)c(Cl)cc1Cl,6.0,5.791453900709202,5.1532511711120605,5.726780531373793
401,Clc1cc(OP(=O)(NCC)OCC)c(Cl)cc1Cl,6.63,6.073936170212737,5.842916965484619,5.183181517873135
402,Clc1cc(OP(=O)(NCC)OCCC)c(Cl)cc1Cl,6.8,5.764113475177304,5.602684020996094,4.242366610557854
403,Clc1cc(OP(=O)(NCCC)OC)c(Cl)cc1Cl,5.87,6.3071631205674015,4.987242698669434,5.565330628013104
404,Clc1cc(OP(=O)(NCCCC)OC)c(Cl)cc1Cl,5.83,6.520319148936151,4.999569892883301,5.393219001177546
405,Clc1cc(SP(=O)(OC)OC)ccc1,3.03,5.817304964538997,2.691455602645874,5.2512651354337905
406,Clc1ccc(OCCSP(=O)(C)OCC)cc1,4.89,5.252340425531901,3.919370174407959,5.659467792747364
407,Clc1ccc(SP(=O)(OC)OC)cc1,2.99,4.807553191489349,2.684792995452881,3.728852107424276
408,Clc1ccc(cc1)/C(=N/OP(=O)(NC)OCC)/C#N,4.08,3.4517848699763647,3.6651012897491455,5.1595995877340535
409,Clc1ccc(cc1)/C(=N/OP(=O)(NCC)OCC)/C#N,5.54,4.639184397163118,4.704346656799316,5.680261701978342
410,Clc1ccccc1SP(=O)(OC)OC,3.48,5.367872340425514,3.012113094329834,4.348775394197938
411,F/C(=N/OP(=O)(OCCCC)OCCCC)/Cl,5.29,5.592624113475179,4.450260639190674,5.060857540939256
412,F/C(=N/OP(=O)(OCCCCC)OCCCCC)/Cl,5.99,5.155791962174928,5.140772819519043,4.554520768354776
413,F/C(=N\OP(=O)(OCCCC)OCCCC)/Cl,5.29,5.630921985815606,4.535279750823975,4.095214992679602
414,F/C(=N\OP(=O)(OCCCCC)OCCCCC)/Cl,5.99,2.806879432624122,5.004551887512207,3.3231644422548636
415,FC(F)(F)C(OP(=O)(OC)OC)Oc1ccccc1,2.33,3.243226950354598,2.08274507522583,4.346113449671667
416,FC(F)(F)C(OP(=O)(OCC)OCC)Oc1ccccc1,2.78,3.9470212765957546,2.318933486938477,4.6943945562495255
417,FC(F)(F)C(OP(=O)(OCCCC)OCCCC)C(=O)OCC,3.82,4.85287234042553,3.134762048721313,5.93076385200172
418,FC(F)(F)C(OP(=O)(OCCCC)OCCCC)C(F)(F)F,4.87,7.5987588652482305,3.776994228363037,3.106120037587435
419,FC(F)(F)C(OP(=O)(OCCCC)OCCCC)Oc1ccccc1,4.28,4.78460992907803,3.3676836490631104,4.706898679041196
420,FP(=O)(C)OCCCCC,7.27,5.095531914893599,6.543923377990723,4.508576078135473
421,FP(=O)(OC(C)C)OC(C)C,4.69,5.658581560283678,4.1670169830322275,5.455914982130898
422,FP(=O)(OC)OC,4.86,7.257801418439724,4.063866138458252,4.528436847851062
423,NP(=O)(O/N=C(\C#N)/c1ccccc1)OCC,8.23,2.352375886524821,7.633288383483888,4.193628729407541
424,NP(=O)(OC)SC,4.62,2.5899645390070947,4.190536975860597,5.119849348357227
425,O=C(C)NP(=O)(OC)SC,4.78,3.6645605369807583,4.34312915802002,4.0592426709570635
426,O=C(CCSP(=O)(OCC)OCC)NC,1.67,3.8589361702127714,1.4293700456619265,4.625123042998444
427,O=C(CSP(=O)(OCC)OCC)N(C(C)C)C(C)C,3.36,3.9798226950354496,2.99637770652771,4.109901333254205
428,O=C(CSP(=O)(OCC)OCC)N(C)C,3.73,4.226691995947316,3.4318859577178955,5.634147668580675
429,O=C(CSP(=O)(OCC)OCC)N(CC)CC,3.85,3.230921985815605,3.4824397563934326,6.539149189942279
430,O=C(CSP(=O)(OCC)OCC)N(CCC)CCC,3.78,3.1533353596757925,3.294874906539917,3.251525872235511
431,O=C(CSP(=O)(OCC)OCC)NC(C)C,2.89,3.2518156028368868,2.176238536834717,5.572302316782752
432,O=C(CSP(=O)(OCC)OCC)NCC,2.96,3.833801418439716,2.655980348587036,5.932678928338351
433,O=C(CSP(=O)(OCC)OCC)NCCC,2.96,3.8357399527186637,2.5676069259643555,5.627467039687492
434,O=C(CSP(=O)(OCC)OCC)NCCCC,3.05,4.849184397163119,2.6525254249572754,6.669294314835018
435,O=C(OC(CCOC(=O)CC)SP(=O)(OCC)OCC)CC,5.08,4.400319148936172,4.454378128051758,4.651772611995572
436,O=C(OC(COC(=O)CC)SP(=O)(OCC)OCC)CC,4.15,6.082340425531897,3.6926655769348153,5.207942816800374
437,O=P(C)(C)Oc1ccc(cc1)[N+](=O)[O-],6.09,4.0371985815602836,5.455338478088379,4.110581246201213
438,O=P(C)(CC)S/C=C/C=C/SCC,6.32,3.8346453900709236,5.551484107971191,5.714774259092713
439,O=P(C)(CSCC[N+](C)(C)C)OC1CCCC1,2.38,8.262624113475205,2.25881290435791,5.536087019896154
440,O=P(C)(F)OC1CCCCC1,8.69,4.089503546099292,7.7280025482177725,4.019413406730888
441,O=P(C)(OC(C)C)SCCF,3.86,4.202411347517732,3.5212972164154053,4.121654102183236
442,O=P(C)(OC)SCCCC,2.41,3.4866666666666717,2.236979961395264,4.527488747216957
443,O=P(C)(OCC)O/N=C(\Cl)/C,3.32,3.3457801418439828,3.0202319622039795,5.620924267900374
444,O=P(C)(OCC)SCC(C)(C)C,4.3,3.2189361702127592,3.898066282272339,4.947364991929518
445,O=P(C)(OCC)SCCC,2.72,5.0309219858156125,2.423979520797729,5.90989436978929
446,O=P(C)(OCCC)SCC,2.68,6.042836879432615,2.577341794967652,5.454626582667871
447,O=P(C)(OCCCC)SC,3.14,5.275248226950336,3.011536836624145,5.725175440701025
448,O=P(CC)(C(C)C)N1CCCCC1c1ccccc1,4.72,6.4478368794326375,4.183267593383788,4.315618427958983
449,O=P(CC)(CC(C)C)N1CCCCC1c1ccccc1,6.26,6.231028368794313,5.5353126525878915,4.592235004916871
450,O=P(CC)(CC)N1CCCCC1c1ccccc1,5.11,6.0579078014184375,4.561345100402832,5.102994732149309
451,O=P(CC)(CCC)N1CCCCC1c1ccccc1,5.87,3.749361702127658,5.172507762908936,5.718927377839762
452,O=P(CC)(CCCC)N1CCCCC1c1ccccc1,6.54,5.578652482269485,5.765296459197997,4.947269750065354
453,O=P(CC)(CCCCC)N1CCCCC1c1ccccc1,6.0,5.1471276595744815,5.30265474319458,5.93804069483517
454,O=P(OC(C)C)(OC(C)C)N(N)N,5.15,3.952943262411349,4.388457298278809,5.210325187321284
455,O=P(OC)(OC)O/C(=C/C(=O)N(C)C)/C,4.69,5.7151063829787185,3.9944703578948975,5.678304691783381
456,O=P(OC)(OC)OC,-1.5,2.9671394799054336,0.05500544235110283,5.126807899568011
457,O=P(OC)(OC)Oc1ccc2c(c1)OC(O)C(=C2C)Cl,5.61,3.0916666666666788,4.7025017738342285,7.528349201009192
458,O=P(OC)(OC)SC,1.48,3.3712765957446713,1.195866942405701,5.609347215427412
459,O=P(OC)(OC)SC(=O)NC,5.97,3.0626595744680984,5.529295921325684,5.333494058441363
460,O=P(OC)(OC)SC(C)C(=O)OCC,4.09,4.1193617021276685,2.6815416812896733,4.895602776420294
461,O=P(OC)(OC)SCn1nnc2ccccc2c1=O,6.26,3.2369503546099234,5.561626434326172,3.410182624845998
462,O=P(OC)(SC)SC,2.91,2.2589007092198647,2.4700193405151367,3.9505104917270444
463,O=P(OC)(Sc1cc(C)ccc1)OC,2.82,3.6944579533941364,2.526810884475708,4.84693478771007
464,O=P(OC)(Sc1ccc(C)cc1)OC,3.53,3.777907801418444,3.111361026763916,5.428098212674853
465,O=P(OC)(Sc1ccccc1)OC,2.97,2.6200354609929053,2.231497287750244,5.344177940727199
466,O=P(OCC)(CC)SCCCl,4.46,3.1299645390071014,4.089192867279054,5.192530768803209
467,O=P(OCC)(OCC)C(C)(C)N(C)C(=O)C(C(F)(F)F)C(F)(F)F,3.3,3.3780851063829838,2.8797836303710938,4.082912890367241
468,O=P(OCC)(OCC)C(C)(C)NC(=O)C(C(F)(F)F)C(F)(F)F,1.6,6.022234042553179,1.831640720367432,5.6524764607955
469,O=P(OCC)(OCC)C(C)(CC(C)C)NC(=O)C(C(F)(F)F)C(F)(F)F,4.08,6.010851063829807,2.9645371437072754,3.241700989298665
470,O=P(OCC)(OCC)C(C)(CC)N(C)C(=O)C(C(F)(F)F)C(F)(F)F,4.11,6.0976595744680715,3.420444965362549,6.761680844704081
471,O=P(OCC)(OCC)C(C)(CC)NC(=O)C(C(F)(F)F)C(F)(F)F,2.3,6.56826241134754,2.493312358856201,3.311681939282109
472,O=P(OCC)(OCC)C(C)(CCCC)N(C)C(=O)C(C(F)(F)F)C(F)(F)F,2.6,4.384716312056754,3.755627632141113,2.8205920318143303
473,O=P(OCC)(OCC)Oc1ccc2c(c1)OC(O)C(=C2C)Cl,6.08,5.295106382978727,5.095548629760742,3.254956897861581
474,O=P(OCC)(OCC)Oc1ccc2c(c1)OC(O)C=C2C,5.84,4.7137234042553375,4.895603656768799,4.843677533926714
475,O=P(OCC)(OCC)Oc1ccc2c(c1)OC(O)C=C2C(F)(F)F,6.38,4.667340425531909,5.337494373321533,3.940564293328384
476,O=P(OCC)(OCC)Oc1ccc2c(c1)oc(=O)c(Cl)c2C,6.1,5.570892434988166,5.3056416511535645,4.885273125355621
477,O=P(OCC)(OCC)Oc1ccc2c(c1)oc(=O)cc2C(F)(F)F,4.98,5.559751773049658,4.346937656402588,4.26695794866647
478,O=P(OCC)(OCC)Oc1ccc2cc(Cl)c(=O)oc2c1,6.1,5.1673936170212755,5.03282642364502,5.026351549249814
479,O=P(OCC)(OCC)SCCSCc1ccccc1,4.2,5.9467730496453965,3.868506908416748,5.081779412505212
480,O=P(OCC)(SCCSc1ccccc1)c1ccccc1,5.04,3.9257649442755786,4.616703510284424,3.534546055934382
481,O=P(OCC)(SCC[S+](C)C1CCCCC1)C1CCCCC1,5.52,4.23803191489362,5.1962103843688965,4.69381780600205
482,O=P(OCCC)(OCCC)SCCN(c1cc(ccc1)C)C,5.26,4.0581737588652524,4.685197353363037,5.418557591384367
483,O=P(OCCCC)(OCC1CCCN2CCCCC12)SCC1CCCN2CCCCC12,6.05,4.1097234042553135,5.561280250549316,4.48454458221527
484,O=P(OCCCC)(OCCCC)SC,3.88,3.9802679275019592,3.463563203811645,6.056825869964891
485,O=P(OCCCC)(OCCCC)SC(CC)C,4.38,4.134407801418447,4.0975189208984375,2.828655348473822
486,O=P(OCCCC)(OCCCC)SC(CC)CC,4.97,4.316925025329288,4.322037220001222,5.222782766217959
487,O=P(OCCCC)(OCCCC)SCC,4.08,4.2945136778115485,3.6942119598388667,4.792635642948794
488,O=P(OCCCC)(OCCCC)SCC(=O)NC,4.01,5.579018912529553,3.5703282356262207,4.5747987323192225
489,O=P(OCCCC)(OCCCC)SCCC,3.93,7.557411347517713,3.8258380889892583,3.529534726455678
490,O=P(OCCCC)(OCCCC)SCCCC,4.08,6.007624113475172,3.7611122131347656,3.0866064859230873
491,O=P(OCCCC)(OCCCC)SCCCCC,4.32,4.204468085106382,3.916253089904785,7.121383169977488
492,O=P(OCCCC)(OCCCC)SCCCCCC,4.34,3.8177234042553128,3.9199008941650386,5.545329154450677
493,O=P(OCCCC)(OCCCC)SCCSc1ccccc1,6.18,4.104415400202633,5.737534523010254,4.338476027921329
494,O=P(OCCCC)(OCCCC)SCC[N+](c1ccc(cc1)C)(C)C,7.79,4.250035460992908,7.189827919006348,5.6266922180262835
495,O=P(OCCCCCC)(OCCCCCC)SC(CC)CC,4.18,4.345106382978723,3.7032041549682617,3.233115320344979
496,O=P(OCCCCCC)(OCCCCCC)SCC,3.52,4.552627068557911,3.2090775966644287,3.9681169212077734
497,O=P(OCCCCCC)(OCCCCCC)SCCC,4.11,4.852378841607582,3.6718120574951167,5.4232772823377235
498,O=P(OCCCCCC)(OCCCCCC)SCCCC,4.32,2.6482624113475217,3.5113439559936523,5.286659564440997
499,O=P(OCCCCCC)(OCCCCCC)SCCCCC,4.15,2.699574468085113,3.5683720111846924,3.762835381067421
500,O=P(OCCCCCC)(OCCCCCC)SCCCCCC,3.91,2.680319148936168,3.556117296218872,4.408958505317754
501,O=P(OCCCCCCCC)(OCC)OCC,4.62,3.0957092198581533,3.963377475738525,5.781087436617264
502,O=P(OCCCCCCCCCC)(OCC)OCC,4.95,3.6997517730496603,4.161566257476807,4.761233345793101
503,O=P(OSC)(OCC)c1ccccc1,2.46,3.4722813238770867,2.310704231262207,3.8524441266382707
504,O=P(OSCC)(OCC)c1ccccc1,2.58,3.7953900709219917,2.372265577316284,5.944189438275044
505,O=P(OSCCC)(OCC)c1ccccc1,2.41,3.923321513002352,2.253643751144409,3.132192506896062
506,O=P(OSCCCCC)(OCC)c1ccccc1,3.06,4.984032421479238,2.8165392875671387,4.527112242887719
507,O=P(OSCCCCCC)(OCC)c1ccccc1,3.32,5.077946217494098,3.0395500659942627,6.99381301748984
508,O=P(Oc1ccc(cc1)[N+](=O)[O-])(C(C)C)C(C)C,2.94,1.814219858156032,2.64478063583374,4.106569333463048
509,O=P(Oc1ccc(cc1)[N+](=O)[O-])(C(C)CC)C(C)CC,3.34,1.8646099290780112,2.9322423934936523,5.786825363057514
510,O=P(Oc1ccc(cc1)[N+](=O)[O-])(CC(C)C)CC(C)C,2.6,1.9767375886524896,2.3674874305725098,3.435145284913827
511,O=P(Oc1ccc(cc1)[N+](=O)[O-])(CC)CC,3.54,4.349787234042558,3.236342430114746,5.5180861102011995
512,O=P(Oc1ccc(cc1)[N+](=O)[O-])(CCC)CCC,4.26,4.362092198581578,3.9499568939208975,4.688228661233616
513,O=P(Oc1ccc(cc1)[N+](=O)[O-])(CCCCC)CCCCC,4.89,3.707269503546109,4.256217956542969,4.923045310601253
514,O=P(SC(C)C)(c1ccccc1)c1ccccc1,1.48,2.6321040189125333,1.0626521110534668,5.042346063834294
515,O=P(SC(C)CC)(c1ccccc1)c1ccccc1,1.7,3.0350354609929053,1.4379899501800537,7.6015133115679685
516,O=P(SC(c1ccccc1)c1ccccc1)(OCC)OCC,5.26,2.6078841607565084,4.455359935760498,6.502790729258438
517,O=P(SC(c1ccccc1)c1ccccc1)(c1ccccc1)c1ccccc1,4.34,2.589148936170212,3.9427280426025386,4.875045890176824
518,O=P(SC)(OCC)c1ccccc1,2.46,2.7765957446808605,2.383549451828003,3.308071724148528
519,O=P(SC)(SC)SC,1.3,2.8771276595744637,0.9508013725280762,3.886045228439822
520,O=P(SCC)(OCC)c1ccccc1,2.58,3.1906028368794166,2.4530320167541504,7.277799362580518
521,O=P(SCC)(c1ccccc1)c1ccccc1,2.69,3.48177698975572,2.520373821258545,5.953289459819339
522,O=P(SCCC)(OCC)c1ccccc1,2.41,3.751489361702123,2.2414581775665283,6.059809430393803
523,O=P(SCCC)(c1ccccc1)c1ccccc1,3.08,4.591950354609933,2.802775382995605,3.5544419637675038
524,O=P(SCCCC)(OCC)c1ccccc1,2.76,5.07035460992908,2.650386095046997,5.567591599399449
525,O=P(SCCCCC)(OCC)c1ccccc1,3.06,5.174872340425536,2.855515718460083,2.7282130158638447
526,O=P(SCCCCC)(c1ccccc1)c1ccccc1,3.66,5.137212765957433,3.4367685317993164,4.582999487168475
527,O=P(SCCCCCC)(OCC)c1ccccc1,3.33,4.308297872340418,3.1015586853027344,6.78548477897041
528,O=P(SCCCCCC)(c1ccccc1)c1ccccc1,3.76,2.574046493301805,3.5953543186187744,5.651622129615623
529,O=P(SCCSC)(OCCC)c1ccccc1,4.74,4.186962174940902,4.618185997009277,3.98698173256307
530,O=P(SCCSC)(OCCCCC)c1ccccc1,5.23,4.581524822695043,4.940198421478272,4.2082732199968635
531,O=P(SCCSC)(OCCCCCC)c1ccccc1,5.28,5.074539007092182,4.894794464111328,3.436826415039283
532,O=P(SCCSCCC)(OCC)C1CCCCC1,2.45,2.745673758865251,2.284822940826416,4.6878080298391005
533,O=P(SCCSCCC)(OCC)Cc1ccccc1,4.41,4.831702127659566,4.037761211395264,3.572541967273498
534,O=P(SCCSCCCC)(OCC)C1CCCCC1,2.6,3.1325886524822586,2.427694320678711,3.4640690013287783
535,O=P(SCCSCCCC)(OCC)Cc1ccccc1,4.46,4.437021276595752,4.130436420440674,3.8718280047028037
536,O=P(SCCSCCCC)(OCC)c1ccccc1,5.36,5.29628875379939,5.137298583984375,4.8129200032410075
537,O=P(SCCSCCCCC)(OCC)c1ccccc1,4.85,3.028652482269494,4.702203273773193,3.8873939406521814
538,O=P(SCCSCCCCCC)(OCC)Cc1ccccc1,4.52,5.285118541033434,4.416943073272705,4.643806397690623
539,O=P(SCCSCCCCCC)(OCC)c1ccccc1,4.23,5.312139817629165,4.096402645111084,4.585142475858159
540,O=P(SCCSCCCCCCC)(Cc1ccccc1)OCC,5.32,3.0782624113475205,4.884565353393555,7.106647946513305
541,O=P(SCCSCCCCCCC)(OCC)C1CCCCC1,2.92,5.311820668692995,2.6287662982940674,6.733025811252281
542,O=P(SCCSCCCCCCC)(OCC)Cc1ccccc1,5.32,5.323763931104383,4.724499702453613,4.594450645927758
543,O=P(SCCSCCCCCCCC)(Cc1ccccc1)OCC,5.34,3.2278014184397046,4.999775409698486,3.3631132150230973
544,O=P(SCCSCCCCCCCC)(OCC)Cc1ccccc1,5.34,5.318905775076014,4.998208045959473,3.453670948717585
545,O=P(SCCSCCCCCCCCC)(Cc1ccccc1)OCC,5.38,4.738832742316784,5.352752685546875,2.720356193211541
546,O=P(SCCSCCCCCCCCC)(OCC)C1CCCCC1,3.18,7.563617021276597,2.748234748840332,4.9577433151566375
547,O=P(SCCSCCCCCCCCC)(OCC)Cc1ccccc1,5.38,8.116950354609969,5.017949104309082,5.504919652839787
548,O=P(SCCSCc1ccccc1)(OCC)c1ccccc1,4.83,8.067659574468076,4.336896896362306,3.2723741787639122
549,O=P(SCC[S+](C)C)(OCC)c1ccccc1,8.18,7.9351418439716115,7.621855735778809,6.048474885025198
550,O=P(SCC[S+](C)C)(OCCC)c1ccccc1,7.74,5.388422830124947,7.4680843353271475,4.9282717706517385
551,O=P(SCC[S+](C)C)(OCCCC)c1ccccc1,8.38,7.00145390070922,8.019501686096191,5.619786331826623
552,O=P(SCC[S+](C)C)(OCCCCC)c1ccccc1,8.3,7.003404255319163,7.918264865875244,5.017614540540334
553,O=P(SCC[S+](C)C)(OCCCCCC)c1ccccc1,8.08,7.720177304964522,7.8473758697509775,6.104372487500295
554,O=P(SCC[S+](C)c1ccccc1)(OCC)C1CCCCC1,4.85,5.3806737588652345,4.8256001472473145,5.735653389157957
555,O=P(SCC[S+](CC)C)(OCC)Cc1ccccc1,7.0,7.118049645390053,6.4655799865722665,5.697264271460192
556,O=P(SCC[S+](CCC)C)(OCC)Cc1ccccc1,6.91,7.777411347517733,6.3459534645080575,3.216803165872763
557,O=P(SCC[S+](CCC)C)(OCC)c1ccccc1,8.04,7.114999999999969,7.188831806182861,4.921651837876145
558,O=P(SCC[S+](CCCC)C)(OCC)C1CCCCC1,5.04,7.921950354609917,5.432420253753662,3.397589375193061
559,O=P(SCC[S+](CCCC)C)(OCC)Cc1ccccc1,7.08,5.924007092198597,6.36598539352417,5.668117812464311
560,O=P(SCC[S+](CCCC)C)(OCC)c1ccccc1,7.76,6.995141843971648,7.232314109802246,3.987499384803212
561,O=P(SCC[S+](CCCCC)C)(OCC)Cc1ccccc1,7.11,7.81695035460995,6.437361717224121,2.5811407426896573
562,O=P(SCC[S+](CCCCC)C)(OCC)c1ccccc1,8.08,5.942517730496457,7.417170524597168,4.124194664487722
563,O=P(SCC[S+](CCCCCC)C)(OCC)C1CCCCC1,5.97,7.122056737588672,5.471951961517334,5.2068832972610135
564,O=P(SCC[S+](CCCCCC)C)(OCC)c1ccccc1,8.15,5.952517730496447,7.4051103591918945,4.000152924001556
565,O=P(SCC[S+](CCCCCCC)C)(OCC)C1CCCCC1,6.0,7.168617021276624,5.384536743164063,5.576057710599988
566,O=P(SCC[S+](CCCCCCC)C)(OCC)Cc1ccccc1,7.15,5.652163120567392,6.451290607452393,7.226767159858289
567,O=P(SCC[S+](CCCCCCCC)C)(OCC)C1CCCCC1,6.08,5.370000000000021,5.290086269378662,4.486909239258576
568,O=P(SCC[S+](CCCCCCCC)C)(OCC)Cc1ccccc1,7.2,5.023156028368796,6.519648551940918,4.036178712215622
569,O=P(SCC[S+](c1ccccc1)C)(OCC)C1CCCCC1,5.0,5.404078014184395,4.533459663391113,5.228424824122257
570,O=S(=O)(N(C)C)c1ccc(OP(=O)(OC)OC)cc1,5.94,5.463741979061134,5.033900737762451,5.596559844727658
571,O=S(C)CCSP(=O)(C)OCC,5.46,5.718203309692683,5.000061511993408,5.210508460225148
572,O=S(C)c1ccc(OP(=O)(OCC)OCC)cc1,4.18,5.740177304964553,3.690004825592041,5.67991558724534
573,O=S(CCSP(=O)(C)OCC)CC,5.18,3.807765957446823,4.691962242126465,5.104362572809974
574,O=S(CCSP(=O)(C)OCC)CCC,5.51,5.6499831138128975,5.01839542388916,4.789406557354349
575,O=S(CCSP(=O)(C)OCC)CCCC,5.68,4.8057801418439885,5.194015502929688,5.020388850374621
576,O=S(CCSP(=O)(C)OCC)CCCCCC,5.96,5.946170212765943,5.321913242340088,5.776189374800038
577,[O-][N+](=O)c1ccc(OCCSP(=O)(C)OCC)cc1,5.82,5.682127659574487,5.3031768798828125,6.14385260085081
578,[O-][N+](=O)c1ccc(OP(=O)(C)OC(C)C)cc1,5.85,6.27985815602839,5.30515193939209,4.048136387579129
579,[O-][N+](=O)c1ccc(OP(=O)(C)OC(C)CC)cc1,6.36,6.44152482269505,5.689380168914795,5.778612916037607
580,[O-][N+](=O)c1ccc(OP(=O)(C)OC2CCCCC2)cc1,6.66,6.7440780141843835,5.931282043457031,5.735773899608979
581,[O-][N+](=O)c1ccc(OP(=O)(C)OCC(C)C)cc1,7.96,6.923829787234028,7.1793389320373535,4.208451566715829
582,[O-][N+](=O)c1ccc(OP(=O)(C)OCC)cc1,6.71,6.73847517730495,6.084269046783447,5.729424703641612
583,[O-][N+](=O)c1ccc(OP(=O)(C)OCCC)cc1,7.08,4.546401553529209,6.4701457023620605,5.045411799387324
584,[O-][N+](=O)c1ccc(OP(=O)(C)OCCCC)cc1,7.32,5.163883823032754,6.548354148864746,4.007519175812795
585,[O-][N+](=O)c1ccc(OP(=O)(C)SC)cc1,4.11,5.740515028706511,3.678288698196411,5.007245354740183
586,[O-][N+](=O)c1ccc(OP(=O)(C)SCC)cc1,5.08,5.993546099290769,4.667713165283203,5.956044061396923
587,[O-][N+](=O)c1ccc(OP(=O)(C)SCCC)cc1,5.82,5.318125633232029,5.312046527862549,2.574301763895683
588,[O-][N+](=O)c1ccc(OP(=O)(C)SCCCC)cc1,6.08,5.048191489361711,5.565854549407959,5.341687628588017
589,[O-][N+](=O)c1ccc(OP(=O)(OC(C)C)CC)cc1,5.46,5.161992907801406,5.016905784606934,4.860181570541597
590,[O-][N+](=O)c1ccc(OP(=O)(OC(C)C)CCC)cc1,4.9,5.174439716312043,4.62118673324585,6.404613869871546
591,[O-][N+](=O)c1ccc(OP(=O)(OC(C)C)CCCCC)cc1,5.11,5.122127659574467,4.606932163238525,5.92508809646261
592,[O-][N+](=O)c1ccc(OP(=O)(OC)OC)cc1,6.08,5.86170212765957,5.615577220916748,5.914401457897425
593,[O-][N+](=O)c1ccc(OP(=O)(OCC)CC)cc1,6.26,5.869047619047638,5.8096795082092285,3.5520296232894575
594,[O-][N+](=O)c1ccc(OP(=O)(OCC)CC=C)cc1,5.89,6.233226950354595,5.225405693054199,3.798484679882832
595,[O-][N+](=O)c1ccc(OP(=O)(OCC)CCC)cc1,7.0,5.890141843971655,6.50921106338501,6.321210546782535
596,[O-][N+](=O)c1ccc(OP(=O)(OCC)CCCC)cc1,6.6,5.779113475177293,6.002811908721924,5.181766998966507
597,[O-][N+](=O)c1ccc(OP(=O)(OCC)CCCCC)cc1,5.94,5.6752482269503615,5.476877689361572,3.626006072893105
598,[O-][N+](=O)c1ccc(OP(=O)(OCC)CCCCCC)cc1,5.84,5.7321276595744735,5.155725479125977,5.205575219457776
599,[O-][N+](=O)c1ccc(OP(=O)(OCC)CCOCC)cc1,5.49,5.71964539007091,4.898927688598633,4.422824201499825
600,[O-][N+](=O)c1ccc(OP(=O)(OCCC)OCCC)cc1,5.93,5.401773049645391,5.337446212768555,5.85048947212748
601,[O-][N+](=O)c1ccc(OP(=O)(OCCCC)OCCCC)cc1,6.11,5.876737588652466,5.023442268371582,4.777815360970113
602,[O-][N+](=O)c1ccc(SP(=O)(OCC)CC)cc1,6.59,6.036063829787228,5.903758049011231,4.525634378177031
603,[O-][N+](=O)c1ccc(cc1)OP(=O)(OCC)C1CCCCC1,5.79,5.233120567375889,5.2418084144592285,4.629723401876151
604,[O-][N+](=O)c1ccc(cc1)OP(=O)(OCC)CC1CCCCC1,5.28,5.439219858156034,4.623910903930664,7.204919696752949
605,[O-][N+](=O)c1ccc(cc1)OP(=O)(OCC)c1ccccc1,4.26,5.455851063829772,3.8537507057189937,5.723265171536088
606,[O-][N+](=O)c1cccc(OCCSP(=O)(C)OCC)c1,5.73,5.506919959473136,5.361425876617432,5.078866122916442
607,[O-][N+](=O)c1cccc(OP(=O)(C)OC)c1,4.23,4.6150354609929005,3.72942852973938,3.299182340818856
608,[O-][N+](=O)c1cccc(OP(=O)(OCC)CC)c1,4.41,5.582536305302272,4.050849914550781,5.250015140494899
609,[O-][N+](=O)c1cccc(OP(=O)(OCC)OCC)c1,4.08,4.80145390070923,3.744096755981445,4.923109407343621
610,[O-][N+](=O)c1ccccc1OP(=O)(C)OC,4.54,4.477446808510637,4.018056869506837,5.889252718188927
611,[O-][N+](=O)c1ccccc1OP(=O)(OCC)CC,4.04,4.404756838905763,3.72301983833313,3.6297999265943837
612,[O-][N+](=O)c1ccccc1OP(=O)(OCC)OCC,4.23,4.358936170212774,3.907795190811157,6.131666085982252
613,BrCSP(=O)(OC(C)C)OC(C)C,4.26,6.673120567375888,3.874945163726807,3.437130290882082
614,BrCSP(=O)(OCCCC)OCCCC,6.28,6.3694680851063845,5.255143165588379,5.161224636393785
615,CC(C)(C)CCSP(=O)(C)OCC,3.2,3.7388297872340415,3.324495792388916,5.078201395449221
616,CC(C)(C)CCSP(=O)(OCC)OCC,4.63,4.074078014184404,3.521296977996826,5.2273563104434535
617,CC(C)(C)P(=O)(OC(C)C)Oc1ccc(cc1)[N+](=O)[O-],0.64,7.248014184397178,3.4089958667755127,4.345715193697578
618,CC(C)(C)c1ccc(OCCSP(=O)(C)OCC)cc1,4.21,3.36326241134752,3.832921266555786,6.004316286947454
619,CC(C)CCCCOP(=O)(C)SCCCC,3.97,6.916524822695032,3.895452499389648,4.066207347839079
620,CC(C)CCP(=O)(CC)[N+]1(C)CCCCC1c1ccccc1,7.7,5.606631205673766,6.482734203338622,4.161876620149125
621,CC(C)CCP(=O)(OCC)Oc1ccc(cc1)[N+](=O)[O-],5.69,6.76620567375887,5.252732276916504,3.9773611318871245
622,CC(C)CCSP(=O)(OCC)OCC,4.04,5.5811702127659615,3.6467804908752437,5.3463792670637424
623,CC(C)COP(=O)(C)Oc1ccc2c(c1)OC(O)C=C2C(F)(F)F,7.36,6.436453900709218,6.080111503601074,6.48823527982903
624,CC(C)COP(=O)(C)Oc1ccc2c(c1)oc(=O)cc2C(F)(F)F,7.56,4.055017730496452,6.459181785583496,4.89914998139562
625,CC(C)CP(=O)(CC)[N+]1(C)CCCCC1c1ccccc1,7.52,5.499078014184404,5.851795673370361,3.9292249188989183
626,CC(C)NP(=O)(NC(C)C)OP(=O)(NC(C)C)NC(C)C,2.98,4.507304964539012,8.095843315124513,3.6278600033505195
627,CC(C)OP(=O)(C)CSCC[N+](C)(C)C,3.09,5.53847517730496,3.447134256362915,5.0769516881225
628,CC(C)OP(=O)(C)F,7.14,6.731595744680856,6.5539612770080575,3.7360336326557047
629,CC(C)OP(=O)(C)Oc1ccc2c(c1)OC(O)C=C2C(F)(F)F,5.97,6.717517730496457,5.407168388366699,4.27850707706933
630,CC(C)OP(=O)(C)Oc1ccc2c(c1)oc(=O)cc2C,6.08,4.056513002364061,6.145217418670653,4.602180653827666
631,CC(C)OP(=O)(OC(C)C)O/N=C(/Cl)\C,4.93,4.184131205673755,2.8341996669769287,4.52087541383576
632,CC(C)OP(=O)(OC(C)C)SC(SP(=O)(OC(C)C)OC(C)C)C(=O)OCC,3.15,4.5678115501519745,3.7261137962341313,4.005605877091218
633,CC(C)P(=O)(CC)C1CC2CC1c1cccc(=O)n21,4.54,3.8495390070922033,3.6416597366333012,5.586382352983514
634,CC(C)P(=O)(OCC)Oc1ccc(cc1)[N+](=O)[O-],5.04,4.042597517730498,4.0873985290527335,3.709659888936163
635,CC(OP(=O)(C)F)C(C)(C)C,7.94,7.769609929078027,6.143901348114014,4.500201537706632
636,CC(SP(=O)(c1ccccc1)c1ccccc1)CCC,-0.15,4.010393026004727,2.7789883613586426,5.177103953175339
637,CCC(=O)C(NP1(=O)Oc2ccccc2O1)C(C)CC,3.56,4.138351063829791,3.479489803314209,5.215271287204425
638,CCC(CSP(=O)(OCC)OCC)CC,5.08,5.302517730496452,4.290339946746826,5.163363610136538
639,CCCCCCCCC[S+](C)CCSP(=O)(Cc1ccccc1)OCC,7.45,5.356666666666677,6.316314220428468,5.3498063833866265
640,CCCCCCOP(=O)(C)SC,2.63,3.4438140267927504,2.8171083927154537,4.109637768564427
641,CCCCCOP(=O)(C)SCCCCCC,3.58,3.7847163120567417,3.732852935791016,4.254747566140066
642,CCCCCOP(=O)(OCCCCC)SC(Br)C(=O)OCC,6.78,4.128823877068555,5.182438850402832,3.722886118369675
643,CCCCCSP(=O)(O/N=C(\Cl)/F)SCCCCC,6.09,4.1396808510638285,5.405009746551514,4.393614620157092
644,CCCCOP(=O)(OCCCC)SCCC,3.93,4.7138770685579106,3.990246295928955,5.1238208322547525
645,CCCCSP(=O)(C)OC(C)C,3.51,4.7365788584937505,3.116171836853028,4.838957972056176
646,CCCCSP(=O)(O/N=C(/Cl)\F)SCCCC,6.23,4.701560283687939,5.310702323913574,4.833995885953529
647,CCCOP(=O)(O/N=C(/Cl)\C)OCCC,3.36,2.9858510638297906,3.0648648738861084,4.969961465573421
648,CCOC(=O)CSP(=O)(OC)OC,3.61,4.962234042553186,2.7205989360809326,5.880067104288992
649,CCOP(=O)(C)SCCCCCC,4.41,4.966241134751766,3.5628566741943364,4.122024392125875
650,CCOP(=O)(C)SCCCCCCCC,4.56,3.7167730496453903,4.15390682220459,5.497422758583797
651,CCOP(=O)(C)SCCSCCCCCC,5.6,3.7569503546099337,4.61637544631958,4.2677377711928095
652,CCOP(=O)(C)SCCSCCCCCCCC,5.52,3.0297714736012638,4.482447147369385,4.121821572062629
653,CCOP(=O)(C/C=C/CCC)SCCSCC,2.18,4.685390070921986,2.428522825241089,5.046023123857502
654,CCOP(=O)(C/C=C/CCC)SCCSCCCCCC,3.11,4.259421985815605,2.2673113346099854,5.8224273265273165
655,CCOP(=O)(C/C=C/CCC)SCCSCCCCCCCC,2.98,4.665851063829788,2.8471453189849854,3.014080729985228
656,CCOP(=O)(C/C=C/CCC)SCCSCCCCCCCCC,3.18,4.580148936170213,2.8415873050689697,3.7065849510661266
657,CCOP(=O)(OC)O/N=C(\Cl)/CCl,5.08,4.412434988179678,4.25250244140625,5.337864321319189
658,CCOP(=O)(OCC)O/N=C(/Cl)\CCC,3.63,4.4557289204097685,3.1422939300537114,5.495200862344798
659,CCOP(=O)(OCC)O/N=C(/Cl)\CCCC,3.78,5.460070921985811,3.26416277885437,3.7997958242740353
660,CCOP(=O)(OCC)O/N=C(\Cl)/C,3.64,4.0516696217494115,3.1528513431549072,4.179850981863044
661,CCOP(=O)(OCC)O/N=C(\Cl)/CC,3.47,4.92021276595744,3.1186070442199707,4.0390083848324245
662,CCOP(=O)(OCC)O/N=C(\F)/Cl,5.27,6.899007092198576,4.652642250061035,4.768332320674541
663,CCOP(=O)(OCC)OC(C(F)(F)F)C(F)(F)F,2.94,6.244219858156026,3.0430073738098145,5.010709786422275
664,CCOP(=O)(OCC)SCCCCC(C)(C)C,5.48,5.4710638297872265,4.294724941253662,4.694139275183627
665,CCOP(=O)(OCCC(C)(C)C)OCC,4.18,5.544042553191498,3.822575092315674,4.774236098852379
666,CCP(=O)(CC)C1CC2CC1c1cccc(=O)n21,4.8,2.8768085106382983,3.789621591567993,5.455804271800478
667,CCP(=O)(CC)C[N+]1(C)CCCC2CCCCC12,6.74,4.050390070921985,5.66160249710083,5.747686451572311
668,CCP(=O)(CC)[N+]1(C)CCCCC1c1ccccc1,5.59,5.878049645390072,5.394350051879883,5.737436818552201
669,CCP(=O)(CCC)C1CC2CC1C1=CC=CC(=O)[N+]21C,5.49,4.107303191489365,5.318685054779053,4.129349834841944
670,CCP(=O)(CCCC)C1CC2CC1c1cccc(=O)n21,6.54,5.285212765957452,5.188639163970947,5.284204553945319
671,CCP(=O)(CCCC)[N+]1(C)CCCCC1c1ccccc1,7.15,5.549309354947653,6.372563362121582,4.479287672291395
672,CCP(=O)(CCCCC)C1CC2CC1C1=CC=CC(=O)[N+]21C,6.36,5.449593042890916,5.31161642074585,4.235518193923005
673,CCP(=O)(CCCCC)C1CC2CC1c1cccc(=O)n21,6.87,4.673120567375884,5.067645072937012,5.545808789641087
674,CCSP(=O)(O/N=C(\Cl)/F)SCC,5.91,3.8882978723404285,5.1575703620910645,4.357162021998877
675,CCSP(=O)(OCC)SCC,3.83,5.4304609929078005,3.2481486797332764,4.087557522968932
676,CCSP(=O)(OCCCC)OCCCC,4.08,4.168156028368793,3.709896326065064,5.110739153130912
677,CCSP(=O)(SCC)SCC,2.3,4.515460992907805,3.3108718395233154,3.7208456352797414
678,CN(C)CC(CN(C)C)SP(=O)(OCC)OCC,5.61,5.479609929078023,6.728348731994629,3.466556974833636
679,CN(C)P(=O)(OCC)Oc1ccc2c(c1)oc(=O)c(Cl)c2C(F)(F)F,4.82,7.077978723404246,4.286545276641847,3.6612206074105034
680,CN(CCSP(=O)(OC(C)C)OC(C)C)C1CCCCC1,4.26,5.855957446808515,4.651622772216797,4.3874607959962955
681,CN(CCSP(=O)(OC(C)C)OC(C)C)c1cc(Cl)ccc1,4.65,6.547730496453901,3.6758766174316406,3.9267716883467547
682,CN(CCSP(=O)(OCC)OCC)c1ccc(Cl)cc1,3.82,6.464432624113475,3.3787331581115723,4.00243225775114
683,CN(CCSP(=O)(OCC)OCC)c1ccccc1,3.82,6.571418439716302,3.300766468048096,5.508470534868401
684,COc1ccc(cc1)N(C)CCSP(=O)(OC(C)C)OC(C)C,3.4,6.401595744680848,2.9845066070556636,5.098570721869475
685,COc1ccc(cc1)[N+](C)(C)CCSP(=O)(OCCC)OCCC,7.18,3.0562056737588685,6.890599250793457,4.67840425089841
686,COc1cccc(c1)N(C)CCSP(=O)(OCC)OCC,3.98,4.65379432624113,3.730207920074463,4.035215629371586
687,CP(=O)(CC(C)C)SCCN(C)C,5.88,5.402659574468089,4.216572284698486,4.998833611176325
688,CP(=O)(CC(C)C)SCC[N+](C)(C)C,6.92,4.962659574468087,5.721987247467041,5.45707930374743
689,CP(=O)(CCC)SCCN(C)C,6.1,4.554680851063824,4.299147129058838,4.582802331070306
690,CP(=O)(OC1CCCCC1)Oc1ccc2c(c1)OC(O)C=C2C(F)(F)F,7.34,5.025177304964542,6.111072540283202,3.5094154879585533
691,CP(=O)(OC1CCCCC1)Oc1ccc2c(c1)oc(=O)cc2C,8.28,5.549273893954752,7.189777374267577,3.39283005828852
692,CP(=O)(OCC)Oc1ccc2c(c1)OC(O)C(=C2C)Cl,6.96,3.5604609929078004,5.56980037689209,3.3779978209650694
693,CP(=O)(OCC)Oc1ccc2c(c1)oc(=O)cc2C,6.72,3.759852245862887,6.2992024421691895,5.731773203309999
694,CP(=O)(OCC)SCCSCc1ccc(C)cc1,4.45,6.049397163120566,6.365967750549316,4.303073664712434
695,CP(=O)(SCC[N+](C)(C)C)C(C)C,6.5,3.6145153664302594,4.590126514434815,3.5226841830913496
696,CSP(=O)(OCCCC)OCCCC,3.87,5.6446453900709175,3.2585575580596924,6.073463407863956
697,CSc1ccc(OP(=O)(OCC)OCC)cc1,3.15,5.900390070921984,3.0605716705322266,5.849822567242146
698,C[N+](C)(CCSP(=O)(OCC)OCC)C1CCCCC1,6.3,7.163687943262408,6.015603065490723,5.216903289258206
699,C[N+](C)(CCSP(=O)(OCC)OCC)CCCCCC,6.95,7.228900709219853,5.3334689140319815,3.7359176544836057
700,C[N+](C)(CCSP(=O)(OCC)OCC)c1ccccc1,7.4,6.635460992907803,6.491843223571777,4.232952241197853
701,C[N+]12CCCC(COP(=O)(OCC)SCC3CCC[N+]4(C)CCCCC34)C1CCCC2,4.8,6.72769503546099,5.322805404663086,5.70553721246392
702,C[N+]12CCCC(COP(=O)(OCCCC)SCC3CCC[N+]4(C)CCCCC34)C1CCCC2,6.96,7.4078723404255395,5.365815162658691,3.764011743473525
703,C[S+](CCSP(=O)(C)OCC)CCCC,8.34,6.174822695035468,7.68674373626709,5.380674814950756
704,C[S+](CCSP(=O)(C)OCC)CCCCCCCCCC,8.66,7.279503546099278,7.37352991104126,4.93773483577794
705,Cc1cc(ccc1)[N+](C)(C)CCSP(=O)(OCCCC)OCCCC,7.57,4.110744680851068,6.781027793884277,5.531799878970613
706,Cc1ccc(cc1)N(C)CCSP(=O)(OC(C)C)OC(C)C,3.63,4.1218794326241115,3.4784164428710938,4.008280912924394
707,Cc1ccc(cc1)N(C)CCSP(=O)(OCCC)OCCC,5.2,4.4905319148936185,5.0660719871521,6.516422177190483
708,Cl/C(=N/OP(=O)(OCCCC)OCCCC)/C(C)C,3.61,5.729893617021288,3.257115364074707,5.210698631552246
709,Cl/C(=N/OP(=O)(OCCCC)OCCCC)/CCC,3.66,4.0284599797365805,3.193212985992432,5.656184001389439
710,Cl/C(=N/OP(=O)(OCCCCC)OCCCCC)/CCl,5.91,4.149488348530902,5.051630973815918,3.4708662021835655
711,Cl/C(=N\OP(=O)(C)OCCCC)/CCC,3.66,4.321354609929083,3.2857160568237305,4.921461444356188
712,Cl/C(=N\OP(=O)(C)OCCCC)/CCCC,3.94,4.20849290780142,3.812445163726807,3.6707275413816634
713,Clc1cc(OCCSP(=O)(C)OCC)ccc1,4.93,5.8187234042553095,3.76057767868042,3.160383764837773
714,Clc1cc(OP(=O)(NC)OC)c(Cl)cc1Cl,6.04,3.882104018912533,4.595632553100586,3.9203042225660383
715,Clc1cc(OP(=O)(OC)N(C)C)c(Cl)cc1Cl,5.28,4.969539007092199,4.086879253387451,4.118750514387013
716,Clc1cc(OP(=O)(OC)OC)c(Cl)cc1Cl,4.36,5.314432624113473,4.261217117309569,5.793125095806049
717,Clc1ccc(cc1)/C(=N/OP(=O)(NCCC)OCC)/C#N,5.11,3.7993262411347564,4.240205764770509,3.232456096073739
718,FP(=O)(OCC)OCC,5.31,5.150330969267129,4.95945930480957,4.056676332866507
719,N#CP(=O)(OCC)N(C)C,6.54,3.7893971631205736,3.4343228340148926,5.471666223165408
720,O=C(CSP(=O)(OC(C)C)OC(C)C)NC,1.84,4.3378368794326265,2.768235683441162,5.586193053317073
721,O=C(CSP(=O)(OCC)OCC)N(CCCC)CCCC,4.14,3.8570921985815607,3.464904308319092,4.926843054080233
722,O=C(CSP(=O)(OCC)OCC)NC,3.48,4.168510638297877,2.6831834316253658,4.084842528794043
723,O=C(CSP(=O)(OCCC)OCCC)NC,4.05,4.223368794326238,3.2313661575317383,4.678915108044604
724,O=C(N)CSP(=O)(OCC)OCC,1.96,3.5976379601486004,3.5380730628967285,7.53744894859434
725,O=P(C)(OC(C)C)O/N=C(\Cl)/C,4.93,3.86362411347518,3.134917497634888,5.229673345766482
726,O=P(C)(OCC)SCC(C)C,3.2,4.4054609929078,3.38399076461792,3.6829410641507137
727,O=P(CC)(CCC(C)C)N1CCCCC1c1ccccc1,6.67,3.324184397163122,5.770659446716309,4.946586773515266
728,O=P(OC)(Sc1ccccc1C)OC,2.97,3.2518439716312115,3.2074978351593018,5.490992549825462
729,O=P(OCC)(OCC)C(C)(CCCC)NC(=O)C(C(F)(F)F)C(F)(F)F,3.76,3.256773049645392,2.872291088104248,6.322033711011271
730,O=P(OCC)(OCC)Oc1ccc2c(c1)oc(=O)cc2C,7.14,5.702340425531911,5.275303840637207,5.669318062537496
731,O=P(OCC)(OCC)SCn1nnc2ccccc2c1=O,6.55,3.5045035460992904,5.830179214477539,3.8428209183528477
732,O=P(OCC)(OCC1CCCN2CCCCC12)SCC1C2N(CCC1)CCCC2,4.2,3.4128368794326223,4.873773574829102,3.058234318724267
733,O=P(OCCC)(OCC1CCCN2CCCCC12)SCC1CCCN2CCCCC12,5.42,3.0241134751773044,5.272364139556885,5.2975270186502526
734,O=P(OCCCCC)(OCC1CCCN2CCCCC12)SCC1CCCN2CCCCC12,6.08,3.1731678486997685,5.703794479370117,2.6842698429344622
735,O=P(OCCCCCC)(OCCCCCC)SC,3.69,5.8868085106383,3.2037453651428223,4.751241424776986
736,O=P(OSCCCC)(OCC)c1ccccc1,2.76,5.7543617021276665,2.5420820713043213,4.068305970539994
737,O=P(Oc1ccc(cc1)[N+](=O)[O-])(CCCC)CCCC,4.9,5.8427659574468045,4.288225173950194,4.30309900664081
738,O=P(SC(CC)CC)(c1ccccc1)c1ccccc1,1.85,4.132763002364071,2.3586812019348145,3.470207726113545
739,O=P(SC(c1ccccc1)c1ccccc1)(OCC)c1ccccc1,4.44,4.364645390070921,4.113213539123535,4.580797919140442
740,O=P(SCCCC)(c1ccccc1)c1ccccc1,3.4,4.220985815602839,3.3717527389526367,5.554836548729335
741,O=P(SCCSC)(OCC)c1ccccc1,4.79,3.8013120567375926,4.4794349670410165,5.849251421508858
742,O=P(SCCSC)(OCCCC)c1ccccc1,5.18,4.800096251266463,4.9962501525878915,3.8731563902717707
743,O=P(SCCSCC)(Cc1ccccc1)OCC,4.18,4.8615602836879415,4.3102688789367685,5.349034445441736
744,O=P(SCCSCC)(OCC)C1CCCCC1,2.18,2.5557801418439747,2.4011855125427246,3.2926234181899647
745,O=P(SCCSCC)(OCC)c1ccccc1,4.49,2.6852127659574516,4.832637310028076,4.539696819358166
746,O=P(SCCSCCC)(OCC)c1ccccc1,4.41,3.1983687943262433,4.881190299987793,5.972949729414962
747,O=P(SCCSCCCCC)(OCC)C1CCCCC1,2.46,4.08262411347518,2.500406503677368,3.40194750774965
748,O=P(SCCSCCCCC)(OCC)Cc1ccccc1,4.11,2.983479117415285,4.398017883300781,3.4394153397506297
749,O=P(SCCSCCCCCC)(Cc1ccccc1)OCC,4.52,4.574042553191489,4.674478530883789,5.348624690075183
750,O=P(SCCSCCCCCC)(OCC)C1CCCCC1,3.18,2.988974586288417,2.5402991771698,3.7099424985135085
751,O=P(SCCSCCCCCCCC)(OCC)C1CCCCC1,2.98,4.860969604863224,2.5549299716949463,5.622116935353402
752,O=P(SCC[S+](CCCCCC)C)(OCC)Cc1ccccc1,6.97,4.981536980749751,6.3760480880737305,6.1721322475001275
753,O=P(SCC[S+](CCCCCCCCC)C)(OCC)C1CCCCC1,5.45,5.154232016210743,5.511666774749756,3.741435001264072
754,O=S(CCSP(=O)(C)OCC)CCCCC,5.86,5.139586626139821,5.892303943634032,4.501641451852052
755,O=[N+]([O-])c1ccc(cc1)/C(=N/OP(=O)(NCC)OCC)/C#N,5.91,7.102092198581558,6.482434749603272,5.624797586424231
756,[N+](=O)c1cccc(OP(=O)(OC)OC)c1,2.72,5.460515028706504,3.5672636032104488,5.351565974388775
757,[O-][N+](=O)c1ccc(OP(=O)(C)OC(C)C(C)(C)C)cc1,4.45,4.975425531914893,5.045366764068604,3.9648548298304322
758,[O-][N+](=O)c1ccc(OP(=O)(C)OC)cc1,5.91,4.571666666666666,5.296034336090088,4.37463964849653
759,[O-][N+](=O)c1ccc(OP(=O)(C)OCCCCC)cc1,7.04,5.608600135089505,6.305102348327638,5.132292098742147
760,[O-][N+](=O)c1ccc(OP(=O)(C)SCCCCC)cc1,5.94,6.234113475177304,5.283934593200684,5.157736552062209
761,[O-][N+](=O)c1ccc(OP(=O)(OC(C)C)CCCC)cc1,5.1,6.235886524822695,4.634600639343262,7.2047630806414755
762,[O-][N+](=O)c1ccc(OP(=O)(OCC)CCl)cc1,5.43,5.886950354609923,5.752609252929688,5.2325590451886
763,[O-][N+](=O)c1ccc(OP(=O)(OCC)OCC)cc1,6.34,5.902553191489358,5.535454750061035,4.900352567968829
764,[O-][N+](=O)c1ccc(OP(=O)(OCCCCC)OCCCCC)cc1,6.26,5.394113475177312,4.999408721923828,3.983509891171146
765,[O-][N+](=O)c1ccc(SP(=O)(OCC)OCC)cc1,5.67,5.239432624113481,5.773943901062013,4.4129604938626485
766,[O-][N+](=O)c1ccccc1OP(=O)(OC)OC,3.71,4.583687943262413,3.438758850097656,6.015000082013666
